-- phpMyAdmin SQL Dump
-- version 5.2.3
-- https://www.phpmyadmin.net/
--
-- Host: localhost:3306
-- Generation Time: Jun 14, 2026 at 03:31 AM
-- Server version: 9.1.0
-- PHP Version: 8.3.16

SET SQL_MODE = "NO_AUTO_VALUE_ON_ZERO";
START TRANSACTION;
SET time_zone = "+00:00";


/*!40101 SET @OLD_CHARACTER_SET_CLIENT=@@CHARACTER_SET_CLIENT */;
/*!40101 SET @OLD_CHARACTER_SET_RESULTS=@@CHARACTER_SET_RESULTS */;
/*!40101 SET @OLD_COLLATION_CONNECTION=@@COLLATION_CONNECTION */;
/*!40101 SET NAMES utf8mb4 */;

--
-- Database: `db_payroll`
--

DELIMITER $$
--
-- Procedures
--
CREATE DEFINER=`root`@`localhost` PROCEDURE `sp_GeneratePayrollMassal` (IN `p_Bulan` INT, IN `p_Tahun` INT, IN `p_HariKerja` INT)   BEGIN
        DECLARE v_DendaAlpaPerHari DECIMAL(18,2);
        DECLARE v_DendaTerlambatPer10Min DECIMAL(18,2);

        DECLARE v_IdKaryawan INT;
        DECLARE v_GajiPokok DECIMAL(18,2);
        DECLARE v_Tunjangan DECIMAL(18,2);
        DECLARE v_JumlahHadir INT;
        DECLARE v_JumlahAlpa INT;
        DECLARE v_TotalJamLembur INT;
        DECLARE v_TotalMenitTerlambat INT;

        DECLARE v_TotalLembur DECIMAL(18,2);
        DECLARE v_TotalDendaAlpa DECIMAL(18,2);
        DECLARE v_TotalDendaTerlambat DECIMAL(18,2);
        DECLARE v_TotalPotongan DECIMAL(18,2);
        DECLARE v_TotalPendapatan DECIMAL(18,2);
        DECLARE v_GajiBersih DECIMAL(18,2);
        DECLARE v_NewIdSlipH INT;
        DECLARE v_RatePerJam DECIMAL(18,4);

        DECLARE v_Selesai INT DEFAULT 0;

        DECLARE cursor_karyawan CURSOR FOR
            SELECT k.id_karyawan, j.gaji_pokok, j.tunjangan_jabatan,
                   COALESCE(a.jumlah_hadir, 0), COALESCE(a.jumlah_alpa, 0),
  COALESCE(a.total_jam_lembur, 0),
                   COALESCE(a.total_menit_terlambat, 0)
            FROM master_karyawan k
            INNER JOIN master_jabatan j ON k.id_jabatan = j.id_jabatan
            LEFT JOIN rekap_absensi a ON k.id_karyawan = a.id_karyawan AND a.bulan
  = p_Bulan AND a.tahun = p_Tahun
            WHERE k.status_aktif = 1;

        DECLARE CONTINUE HANDLER FOR NOT FOUND SET v_Selesai = 1;

        SELECT nilai_numeric INTO v_DendaAlpaPerHari FROM master_konfigurasi WHERE
  nama_parameter = 'DENDA_ALPA_PER_HARI';
        SELECT nilai_numeric INTO v_DendaTerlambatPer10Min FROM master_konfigurasi
  WHERE nama_parameter = 'DENDA_TERLATM_PER_10_MENIT';

        OPEN cursor_karyawan;

        proses_loop: LOOP
            FETCH cursor_karyawan INTO v_IdKaryawan, v_GajiPokok, v_Tunjangan,
  v_JumlahHadir, v_JumlahAlpa, v_TotalJamLembur,
            v_TotalMenitTerlambat;

            IF v_Selesai = 1 THEN
                LEAVE proses_loop;
            END IF;

            SET v_JumlahAlpa = GREATEST(0, p_HariKerja - v_JumlahHadir);

            IF v_TotalJamLembur > 0 THEN
                SET v_RatePerJam = (v_GajiPokok + v_Tunjangan) / 173.0;
                SET v_TotalLembur = (1.5 * v_RatePerJam) + ((v_TotalJamLembur - 1)
  * 2.0 * v_RatePerJam);
            ELSE
                SET v_TotalLembur = 0.00;
            END IF;

            SET v_TotalDendaAlpa = v_JumlahAlpa * (v_GajiPokok / CAST(p_HariKerja
  AS DECIMAL(18,2)));

            SET v_TotalDendaTerlambat = FLOOR(v_TotalMenitTerlambat / 10) *
  v_DendaTerlambatPer10Min;

            SET v_TotalPotongan = v_TotalDendaAlpa + v_TotalDendaTerlambat;
            SET v_TotalPendapatan = v_GajiPokok + v_Tunjangan + v_TotalLembur;
            SET v_GajiBersih = v_TotalPendapatan - v_TotalPotongan;

            DELETE FROM slip_gaji_h WHERE id_karyawan = v_IdKaryawan AND bulan =
  p_Bulan AND tahun = p_Tahun;

            INSERT INTO slip_gaji_h (id_karyawan, bulan, tahun, total_pendapatan,
  total_potongan, gaji_bersih, status_bayar, tanggal_generate)
            VALUES (v_IdKaryawan, p_Bulan, p_Tahun, v_TotalPendapatan,
  v_TotalPotongan, v_GajiBersih, 'Belum Dibayar', NOW());

            SET v_NewIdSlipH = LAST_INSERT_ID();

            INSERT INTO slip_gaji_d (id_slip_h, nama_komponen, jenis_komponen,
  nominal) VALUES (v_NewIdSlipH, 'Gaji Pokok Base', 'Pendapatan', v_GajiPokok);
            INSERT INTO slip_gaji_d (id_slip_h, nama_komponen, jenis_komponen,
  nominal) VALUES (v_NewIdSlipH, 'Tunjangan Jabatan', 'Pendapatan', v_Tunjangan);

            IF v_TotalLembur > 0 THEN
                INSERT INTO slip_gaji_d (id_slip_h, nama_komponen, jenis_komponen,
  nominal) VALUES (v_NewIdSlipH, 'Uang Lembur Aktif', 'Pendapatan',
  v_TotalLembur);
            END IF;

            IF v_TotalDendaAlpa > 0 THEN
                INSERT INTO slip_gaji_d (id_slip_h, nama_komponen, jenis_komponen,
  nominal) VALUES (v_NewIdSlipH, 'Potongan Mangkir Kerja\r\n  (Alpa)',
  'Potongan', v_TotalDendaAlpa);
            END IF;

            IF v_TotalDendaTerlambat > 0 THEN
                INSERT INTO slip_gaji_d (id_slip_h, nama_komponen, jenis_komponen,
  nominal) VALUES (v_NewIdSlipH, 'Denda Keterlambatan\r\n  (Kelipatan 10m)',
  'Potongan', v_TotalDendaTerlambat);
            END IF;

        END LOOP proses_loop;

        CLOSE cursor_karyawan;
  END$$

DELIMITER ;

-- --------------------------------------------------------

--
-- Table structure for table `log_absensi_harian`
--

CREATE TABLE `log_absensi_harian` (
  `id_absensi` int NOT NULL,
  `id_karyawan` int DEFAULT NULL,
  `tanggal` date NOT NULL,
  `jam_masuk` time DEFAULT NULL,
  `jam_pulang` time DEFAULT NULL,
  `status_kehadiran` varchar(20) DEFAULT 'Hadir',
  `ip_address` varchar(45) DEFAULT NULL,
  `waktu_server_masuk` datetime DEFAULT NULL
) ENGINE=InnoDB DEFAULT CHARSET=utf8mb4 COLLATE=utf8mb4_0900_ai_ci;

--
-- Dumping data for table `log_absensi_harian`
--

INSERT INTO `log_absensi_harian` (`id_absensi`, `id_karyawan`, `tanggal`, `jam_masuk`, `jam_pulang`, `status_kehadiran`, `ip_address`, `waktu_server_masuk`) VALUES
(1, 2, '2026-06-01', '07:38:46', NULL, 'Hadir', '::1', '2026-06-01 07:38:46'),
(2, 4, '2026-06-01', '07:18:34', NULL, 'Hadir', '::1', '2026-06-01 07:18:34'),
(3, 5, '2026-06-01', '09:17:57', NULL, 'Hadir', '::1', '2026-06-01 09:17:57'),
(4, 6, '2026-06-01', '08:01:10', NULL, 'Hadir', '::1', '2026-06-01 08:01:10'),
(5, 7, '2026-06-01', '09:22:11', NULL, 'Hadir', '::1', '2026-06-01 09:22:11'),
(6, 8, '2026-06-01', '07:26:11', NULL, 'Hadir', '::1', '2026-06-01 07:26:11'),
(7, 9, '2026-06-01', '07:20:09', NULL, 'Hadir', '::1', '2026-06-01 07:20:09'),
(8, 10, '2026-06-01', '07:05:10', NULL, 'Hadir', '::1', '2026-06-01 07:05:10'),
(9, 11, '2026-06-01', '07:12:33', NULL, 'Hadir', '::1', '2026-06-01 07:12:33'),
(10, 12, '2026-06-01', '07:24:55', NULL, 'Hadir', '::1', '2026-06-01 07:24:55'),
(11, 13, '2026-06-01', '07:11:53', NULL, 'Hadir', '::1', '2026-06-01 07:11:53'),
(12, 14, '2026-06-01', '09:13:00', NULL, 'Hadir', '::1', '2026-06-01 09:13:00'),
(13, 15, '2026-06-01', '07:49:36', NULL, 'Hadir', '::1', '2026-06-01 07:49:36'),
(14, 16, '2026-06-01', '07:33:12', NULL, 'Hadir', '::1', '2026-06-01 07:33:12'),
(15, 17, '2026-06-01', '08:49:31', NULL, 'Hadir', '::1', '2026-06-01 08:49:31'),
(16, 18, '2026-06-01', '07:27:52', NULL, 'Hadir', '::1', '2026-06-01 07:27:52'),
(17, 19, '2026-06-01', '07:01:33', NULL, 'Hadir', '::1', '2026-06-01 07:01:33'),
(18, 20, '2026-06-01', '07:51:39', NULL, 'Hadir', '::1', '2026-06-01 07:51:39'),
(19, 21, '2026-06-01', '08:06:29', NULL, 'Hadir', '::1', '2026-06-01 08:06:29'),
(20, 22, '2026-06-01', '07:19:49', NULL, 'Hadir', '::1', '2026-06-01 07:19:49'),
(21, 24, '2026-06-01', '07:27:49', NULL, 'Hadir', '::1', '2026-06-01 07:27:49'),
(22, 25, '2026-06-01', '07:01:51', NULL, 'Hadir', '::1', '2026-06-01 07:01:51'),
(23, 26, '2026-06-01', '07:05:46', NULL, 'Hadir', '::1', '2026-06-01 07:05:46'),
(24, 27, '2026-06-01', '07:23:14', NULL, 'Hadir', '::1', '2026-06-01 07:23:14'),
(25, 30, '2026-06-01', '07:38:59', NULL, 'Hadir', '::1', '2026-06-01 07:38:59'),
(26, 31, '2026-06-01', '07:07:43', NULL, 'Hadir', '::1', '2026-06-01 07:07:43'),
(27, 32, '2026-06-01', '08:51:14', NULL, 'Hadir', '::1', '2026-06-01 08:51:14'),
(28, 33, '2026-06-01', '08:04:06', NULL, 'Hadir', '::1', '2026-06-01 08:04:06'),
(29, 34, '2026-06-01', '07:32:42', NULL, 'Hadir', '::1', '2026-06-01 07:32:42'),
(30, 36, '2026-06-01', '07:35:05', NULL, 'Hadir', '::1', '2026-06-01 07:35:05'),
(31, 37, '2026-06-01', '07:36:36', NULL, 'Hadir', '::1', '2026-06-01 07:36:36'),
(32, 38, '2026-06-01', '07:28:01', NULL, 'Hadir', '::1', '2026-06-01 07:28:01'),
(33, 39, '2026-06-01', '08:02:20', NULL, 'Hadir', '::1', '2026-06-01 08:02:20'),
(34, 40, '2026-06-01', '08:24:57', NULL, 'Hadir', '::1', '2026-06-01 08:24:57'),
(35, 41, '2026-06-01', '07:16:14', NULL, 'Hadir', '::1', '2026-06-01 07:16:14'),
(36, 42, '2026-06-01', '07:58:18', NULL, 'Hadir', '::1', '2026-06-01 07:58:18'),
(37, 43, '2026-06-01', '09:06:03', NULL, 'Hadir', '::1', '2026-06-01 09:06:03'),
(38, 44, '2026-06-01', '07:08:52', NULL, 'Hadir', '::1', '2026-06-01 07:08:52'),
(39, 46, '2026-06-01', '08:21:02', NULL, 'Hadir', '::1', '2026-06-01 08:21:02'),
(40, 47, '2026-06-01', '08:35:59', NULL, 'Hadir', '::1', '2026-06-01 08:35:59'),
(41, 48, '2026-06-01', '07:43:21', NULL, 'Hadir', '::1', '2026-06-01 07:43:21'),
(42, 49, '2026-06-01', '07:27:59', NULL, 'Hadir', '::1', '2026-06-01 07:27:59'),
(43, 50, '2026-06-01', '07:45:25', NULL, 'Hadir', '::1', '2026-06-01 07:45:25'),
(44, 1, '2026-06-02', '07:09:27', NULL, 'Hadir', '::1', '2026-06-02 07:09:27'),
(45, 2, '2026-06-02', '07:45:29', NULL, 'Hadir', '::1', '2026-06-02 07:45:29'),
(46, 3, '2026-06-02', '07:47:27', NULL, 'Hadir', '::1', '2026-06-02 07:47:27'),
(47, 4, '2026-06-02', '07:48:25', NULL, 'Hadir', '::1', '2026-06-02 07:48:25'),
(48, 7, '2026-06-02', '07:43:36', NULL, 'Hadir', '::1', '2026-06-02 07:43:36'),
(49, 8, '2026-06-02', '07:13:52', NULL, 'Hadir', '::1', '2026-06-02 07:13:52'),
(50, 9, '2026-06-02', '08:41:43', NULL, 'Hadir', '::1', '2026-06-02 08:41:43'),
(51, 12, '2026-06-02', '07:47:20', NULL, 'Hadir', '::1', '2026-06-02 07:47:20'),
(52, 13, '2026-06-02', '07:32:16', NULL, 'Hadir', '::1', '2026-06-02 07:32:16'),
(53, 14, '2026-06-02', '07:59:41', NULL, 'Hadir', '::1', '2026-06-02 07:59:41'),
(54, 16, '2026-06-02', '07:01:36', NULL, 'Hadir', '::1', '2026-06-02 07:01:36'),
(55, 17, '2026-06-02', '07:00:06', NULL, 'Hadir', '::1', '2026-06-02 07:00:06'),
(56, 18, '2026-06-02', '07:39:28', NULL, 'Hadir', '::1', '2026-06-02 07:39:28'),
(57, 19, '2026-06-02', '07:08:51', NULL, 'Hadir', '::1', '2026-06-02 07:08:51'),
(58, 20, '2026-06-02', '07:10:59', NULL, 'Hadir', '::1', '2026-06-02 07:10:59'),
(59, 21, '2026-06-02', '07:20:46', NULL, 'Hadir', '::1', '2026-06-02 07:20:46'),
(60, 24, '2026-06-02', '07:32:53', NULL, 'Hadir', '::1', '2026-06-02 07:32:53'),
(61, 25, '2026-06-02', '08:08:35', NULL, 'Hadir', '::1', '2026-06-02 08:08:35'),
(62, 26, '2026-06-02', '08:51:39', NULL, 'Hadir', '::1', '2026-06-02 08:51:39'),
(63, 27, '2026-06-02', '07:41:29', NULL, 'Hadir', '::1', '2026-06-02 07:41:29'),
(64, 28, '2026-06-02', '07:38:15', NULL, 'Hadir', '::1', '2026-06-02 07:38:15'),
(65, 29, '2026-06-02', '07:49:22', NULL, 'Hadir', '::1', '2026-06-02 07:49:22'),
(66, 30, '2026-06-02', '09:09:30', NULL, 'Hadir', '::1', '2026-06-02 09:09:30'),
(67, 31, '2026-06-02', '07:11:54', NULL, 'Hadir', '::1', '2026-06-02 07:11:54'),
(68, 32, '2026-06-02', '07:40:53', NULL, 'Hadir', '::1', '2026-06-02 07:40:53'),
(69, 33, '2026-06-02', '07:49:32', NULL, 'Hadir', '::1', '2026-06-02 07:49:32'),
(70, 36, '2026-06-02', '07:10:50', NULL, 'Hadir', '::1', '2026-06-02 07:10:50'),
(71, 37, '2026-06-02', '08:14:24', NULL, 'Hadir', '::1', '2026-06-02 08:14:24'),
(72, 38, '2026-06-02', '09:11:25', NULL, 'Hadir', '::1', '2026-06-02 09:11:25'),
(73, 39, '2026-06-02', '07:42:26', NULL, 'Hadir', '::1', '2026-06-02 07:42:26'),
(74, 40, '2026-06-02', '08:20:12', NULL, 'Hadir', '::1', '2026-06-02 08:20:12'),
(75, 41, '2026-06-02', '07:35:13', NULL, 'Hadir', '::1', '2026-06-02 07:35:13'),
(76, 42, '2026-06-02', '07:53:35', NULL, 'Hadir', '::1', '2026-06-02 07:53:35'),
(77, 43, '2026-06-02', '07:28:20', NULL, 'Hadir', '::1', '2026-06-02 07:28:20'),
(78, 44, '2026-06-02', '07:10:30', NULL, 'Hadir', '::1', '2026-06-02 07:10:30'),
(79, 45, '2026-06-02', '07:34:10', NULL, 'Hadir', '::1', '2026-06-02 07:34:10'),
(80, 46, '2026-06-02', '08:27:32', NULL, 'Hadir', '::1', '2026-06-02 08:27:32'),
(81, 47, '2026-06-02', '07:57:14', NULL, 'Hadir', '::1', '2026-06-02 07:57:14'),
(82, 48, '2026-06-02', '08:32:21', NULL, 'Hadir', '::1', '2026-06-02 08:32:21'),
(83, 49, '2026-06-02', '08:45:13', NULL, 'Hadir', '::1', '2026-06-02 08:45:13'),
(84, 1, '2026-06-03', '07:06:08', NULL, 'Hadir', '::1', '2026-06-03 07:06:08'),
(85, 2, '2026-06-03', '07:05:27', NULL, 'Hadir', '::1', '2026-06-03 07:05:27'),
(86, 3, '2026-06-03', '07:01:12', NULL, 'Hadir', '::1', '2026-06-03 07:01:12'),
(87, 4, '2026-06-03', '07:15:24', NULL, 'Hadir', '::1', '2026-06-03 07:15:24'),
(88, 5, '2026-06-03', '07:17:57', NULL, 'Hadir', '::1', '2026-06-03 07:17:57'),
(89, 6, '2026-06-03', '07:26:12', NULL, 'Hadir', '::1', '2026-06-03 07:26:12'),
(90, 7, '2026-06-03', '07:09:07', NULL, 'Hadir', '::1', '2026-06-03 07:09:07'),
(91, 8, '2026-06-03', '07:22:49', NULL, 'Hadir', '::1', '2026-06-03 07:22:49'),
(92, 9, '2026-06-03', '08:05:24', NULL, 'Hadir', '::1', '2026-06-03 08:05:24'),
(93, 10, '2026-06-03', '07:33:57', NULL, 'Hadir', '::1', '2026-06-03 07:33:57'),
(94, 11, '2026-06-03', '07:08:53', NULL, 'Hadir', '::1', '2026-06-03 07:08:53'),
(95, 12, '2026-06-03', '07:46:31', NULL, 'Hadir', '::1', '2026-06-03 07:46:31'),
(96, 13, '2026-06-03', '07:23:40', NULL, 'Hadir', '::1', '2026-06-03 07:23:40'),
(97, 14, '2026-06-03', '07:55:55', NULL, 'Hadir', '::1', '2026-06-03 07:55:55'),
(98, 15, '2026-06-03', '07:57:37', NULL, 'Hadir', '::1', '2026-06-03 07:57:37'),
(99, 16, '2026-06-03', '07:07:52', NULL, 'Hadir', '::1', '2026-06-03 07:07:52'),
(100, 17, '2026-06-03', '07:18:25', NULL, 'Hadir', '::1', '2026-06-03 07:18:25'),
(101, 18, '2026-06-03', '07:15:39', NULL, 'Hadir', '::1', '2026-06-03 07:15:39'),
(102, 19, '2026-06-03', '07:55:53', NULL, 'Hadir', '::1', '2026-06-03 07:55:53'),
(103, 21, '2026-06-03', '09:23:20', NULL, 'Hadir', '::1', '2026-06-03 09:23:20'),
(104, 22, '2026-06-03', '08:21:45', NULL, 'Hadir', '::1', '2026-06-03 08:21:45'),
(105, 23, '2026-06-03', '07:33:38', NULL, 'Hadir', '::1', '2026-06-03 07:33:38'),
(106, 24, '2026-06-03', '07:47:16', NULL, 'Hadir', '::1', '2026-06-03 07:47:16'),
(107, 25, '2026-06-03', '07:42:38', NULL, 'Hadir', '::1', '2026-06-03 07:42:38'),
(108, 27, '2026-06-03', '07:27:48', NULL, 'Hadir', '::1', '2026-06-03 07:27:48'),
(109, 28, '2026-06-03', '07:06:30', NULL, 'Hadir', '::1', '2026-06-03 07:06:30'),
(110, 29, '2026-06-03', '07:50:58', NULL, 'Hadir', '::1', '2026-06-03 07:50:58'),
(111, 31, '2026-06-03', '07:48:33', NULL, 'Hadir', '::1', '2026-06-03 07:48:33'),
(112, 33, '2026-06-03', '07:58:12', NULL, 'Hadir', '::1', '2026-06-03 07:58:12'),
(113, 34, '2026-06-03', '08:50:03', NULL, 'Hadir', '::1', '2026-06-03 08:50:03'),
(114, 35, '2026-06-03', '07:22:33', NULL, 'Hadir', '::1', '2026-06-03 07:22:33'),
(115, 36, '2026-06-03', '07:09:55', NULL, 'Hadir', '::1', '2026-06-03 07:09:55'),
(116, 37, '2026-06-03', '07:10:22', NULL, 'Hadir', '::1', '2026-06-03 07:10:22'),
(117, 38, '2026-06-03', '09:18:06', NULL, 'Hadir', '::1', '2026-06-03 09:18:06'),
(118, 39, '2026-06-03', '07:40:44', NULL, 'Hadir', '::1', '2026-06-03 07:40:44'),
(119, 40, '2026-06-03', '07:34:01', NULL, 'Hadir', '::1', '2026-06-03 07:34:01'),
(120, 41, '2026-06-03', '09:08:00', NULL, 'Hadir', '::1', '2026-06-03 09:08:00'),
(121, 42, '2026-06-03', '07:36:24', NULL, 'Hadir', '::1', '2026-06-03 07:36:24'),
(122, 43, '2026-06-03', '07:37:23', NULL, 'Hadir', '::1', '2026-06-03 07:37:23'),
(123, 44, '2026-06-03', '09:01:09', NULL, 'Hadir', '::1', '2026-06-03 09:01:09'),
(124, 46, '2026-06-03', '07:03:58', NULL, 'Hadir', '::1', '2026-06-03 07:03:58'),
(125, 47, '2026-06-03', '07:30:09', NULL, 'Hadir', '::1', '2026-06-03 07:30:09'),
(126, 49, '2026-06-03', '07:23:00', NULL, 'Hadir', '::1', '2026-06-03 07:23:00'),
(127, 2, '2026-06-04', '07:55:56', NULL, 'Hadir', '::1', '2026-06-04 07:55:56'),
(128, 3, '2026-06-04', '08:40:25', NULL, 'Hadir', '::1', '2026-06-04 08:40:25'),
(129, 4, '2026-06-04', '07:01:07', NULL, 'Hadir', '::1', '2026-06-04 07:01:07'),
(130, 5, '2026-06-04', '08:59:10', NULL, 'Hadir', '::1', '2026-06-04 08:59:10'),
(131, 6, '2026-06-04', '08:57:40', NULL, 'Hadir', '::1', '2026-06-04 08:57:40'),
(132, 7, '2026-06-04', '07:25:07', NULL, 'Hadir', '::1', '2026-06-04 07:25:07'),
(133, 8, '2026-06-04', '08:24:09', NULL, 'Hadir', '::1', '2026-06-04 08:24:09'),
(134, 9, '2026-06-04', '08:16:25', NULL, 'Hadir', '::1', '2026-06-04 08:16:25'),
(135, 10, '2026-06-04', '07:48:44', NULL, 'Hadir', '::1', '2026-06-04 07:48:44'),
(136, 11, '2026-06-04', '07:05:20', NULL, 'Hadir', '::1', '2026-06-04 07:05:20'),
(137, 12, '2026-06-04', '07:30:18', NULL, 'Hadir', '::1', '2026-06-04 07:30:18'),
(138, 13, '2026-06-04', '07:32:22', NULL, 'Hadir', '::1', '2026-06-04 07:32:22'),
(139, 15, '2026-06-04', '09:27:42', NULL, 'Hadir', '::1', '2026-06-04 09:27:42'),
(140, 16, '2026-06-04', '07:58:03', NULL, 'Hadir', '::1', '2026-06-04 07:58:03'),
(141, 17, '2026-06-04', '07:47:18', NULL, 'Hadir', '::1', '2026-06-04 07:47:18'),
(142, 19, '2026-06-04', '07:38:31', NULL, 'Hadir', '::1', '2026-06-04 07:38:31'),
(143, 20, '2026-06-04', '07:30:42', NULL, 'Hadir', '::1', '2026-06-04 07:30:42'),
(144, 21, '2026-06-04', '09:20:10', NULL, 'Hadir', '::1', '2026-06-04 09:20:10'),
(145, 22, '2026-06-04', '07:47:18', NULL, 'Hadir', '::1', '2026-06-04 07:47:18'),
(146, 23, '2026-06-04', '07:34:28', NULL, 'Hadir', '::1', '2026-06-04 07:34:28'),
(147, 24, '2026-06-04', '08:41:43', NULL, 'Hadir', '::1', '2026-06-04 08:41:43'),
(148, 25, '2026-06-04', '09:23:48', NULL, 'Hadir', '::1', '2026-06-04 09:23:48'),
(149, 26, '2026-06-04', '07:23:31', NULL, 'Hadir', '::1', '2026-06-04 07:23:31'),
(150, 28, '2026-06-04', '07:10:32', NULL, 'Hadir', '::1', '2026-06-04 07:10:32'),
(151, 29, '2026-06-04', '07:41:24', NULL, 'Hadir', '::1', '2026-06-04 07:41:24'),
(152, 31, '2026-06-04', '07:19:23', NULL, 'Hadir', '::1', '2026-06-04 07:19:23'),
(153, 32, '2026-06-04', '07:25:51', NULL, 'Hadir', '::1', '2026-06-04 07:25:51'),
(154, 33, '2026-06-04', '07:07:13', NULL, 'Hadir', '::1', '2026-06-04 07:07:13'),
(155, 35, '2026-06-04', '07:12:16', NULL, 'Hadir', '::1', '2026-06-04 07:12:16'),
(156, 36, '2026-06-04', '07:49:16', NULL, 'Hadir', '::1', '2026-06-04 07:49:16'),
(157, 37, '2026-06-04', '07:54:38', NULL, 'Hadir', '::1', '2026-06-04 07:54:38'),
(158, 38, '2026-06-04', '07:06:22', NULL, 'Hadir', '::1', '2026-06-04 07:06:22'),
(159, 39, '2026-06-04', '07:50:30', NULL, 'Hadir', '::1', '2026-06-04 07:50:30'),
(160, 40, '2026-06-04', '08:25:39', NULL, 'Hadir', '::1', '2026-06-04 08:25:39'),
(161, 41, '2026-06-04', '07:09:40', NULL, 'Hadir', '::1', '2026-06-04 07:09:40'),
(162, 42, '2026-06-04', '07:03:26', NULL, 'Hadir', '::1', '2026-06-04 07:03:26'),
(163, 43, '2026-06-04', '09:16:17', NULL, 'Hadir', '::1', '2026-06-04 09:16:17'),
(164, 44, '2026-06-04', '07:53:25', NULL, 'Hadir', '::1', '2026-06-04 07:53:25'),
(165, 45, '2026-06-04', '07:09:01', NULL, 'Hadir', '::1', '2026-06-04 07:09:01'),
(166, 46, '2026-06-04', '07:16:37', NULL, 'Hadir', '::1', '2026-06-04 07:16:37'),
(167, 47, '2026-06-04', '07:27:48', NULL, 'Hadir', '::1', '2026-06-04 07:27:48'),
(168, 48, '2026-06-04', '07:26:42', NULL, 'Hadir', '::1', '2026-06-04 07:26:42'),
(169, 49, '2026-06-04', '07:10:08', NULL, 'Hadir', '::1', '2026-06-04 07:10:08'),
(170, 50, '2026-06-04', '07:26:34', NULL, 'Hadir', '::1', '2026-06-04 07:26:34'),
(171, 1, '2026-06-05', '07:11:44', NULL, 'Hadir', '::1', '2026-06-05 07:11:44'),
(172, 3, '2026-06-05', '07:35:23', NULL, 'Hadir', '::1', '2026-06-05 07:35:23'),
(173, 4, '2026-06-05', '07:18:06', NULL, 'Hadir', '::1', '2026-06-05 07:18:06'),
(174, 5, '2026-06-05', '07:19:57', NULL, 'Hadir', '::1', '2026-06-05 07:19:57'),
(175, 7, '2026-06-05', '09:19:29', NULL, 'Hadir', '::1', '2026-06-05 09:19:29'),
(176, 8, '2026-06-05', '07:13:46', NULL, 'Hadir', '::1', '2026-06-05 07:13:46'),
(177, 9, '2026-06-05', '07:20:01', NULL, 'Hadir', '::1', '2026-06-05 07:20:01'),
(178, 10, '2026-06-05', '07:21:27', NULL, 'Hadir', '::1', '2026-06-05 07:21:27'),
(179, 11, '2026-06-05', '07:06:58', NULL, 'Hadir', '::1', '2026-06-05 07:06:58'),
(180, 13, '2026-06-05', '07:41:05', NULL, 'Hadir', '::1', '2026-06-05 07:41:05'),
(181, 14, '2026-06-05', '07:54:44', NULL, 'Hadir', '::1', '2026-06-05 07:54:44'),
(182, 15, '2026-06-05', '07:40:04', NULL, 'Hadir', '::1', '2026-06-05 07:40:04'),
(183, 16, '2026-06-05', '08:51:24', NULL, 'Hadir', '::1', '2026-06-05 08:51:24'),
(184, 17, '2026-06-05', '09:27:09', NULL, 'Hadir', '::1', '2026-06-05 09:27:09'),
(185, 18, '2026-06-05', '07:18:44', NULL, 'Hadir', '::1', '2026-06-05 07:18:44'),
(186, 19, '2026-06-05', '07:53:08', NULL, 'Hadir', '::1', '2026-06-05 07:53:08'),
(187, 20, '2026-06-05', '07:21:34', NULL, 'Hadir', '::1', '2026-06-05 07:21:34'),
(188, 22, '2026-06-05', '09:10:17', NULL, 'Hadir', '::1', '2026-06-05 09:10:17'),
(189, 24, '2026-06-05', '07:23:12', NULL, 'Hadir', '::1', '2026-06-05 07:23:12'),
(190, 25, '2026-06-05', '07:37:27', NULL, 'Hadir', '::1', '2026-06-05 07:37:27'),
(191, 26, '2026-06-05', '07:33:55', NULL, 'Hadir', '::1', '2026-06-05 07:33:55'),
(192, 27, '2026-06-05', '07:58:48', NULL, 'Hadir', '::1', '2026-06-05 07:58:48'),
(193, 29, '2026-06-05', '07:47:08', NULL, 'Hadir', '::1', '2026-06-05 07:47:08'),
(194, 31, '2026-06-05', '07:32:51', NULL, 'Hadir', '::1', '2026-06-05 07:32:51'),
(195, 32, '2026-06-05', '07:29:39', NULL, 'Hadir', '::1', '2026-06-05 07:29:39'),
(196, 33, '2026-06-05', '07:21:43', NULL, 'Hadir', '::1', '2026-06-05 07:21:43'),
(197, 34, '2026-06-05', '07:11:53', NULL, 'Hadir', '::1', '2026-06-05 07:11:53'),
(198, 36, '2026-06-05', '07:16:51', NULL, 'Hadir', '::1', '2026-06-05 07:16:51'),
(199, 37, '2026-06-05', '07:22:19', NULL, 'Hadir', '::1', '2026-06-05 07:22:19'),
(200, 38, '2026-06-05', '08:12:42', NULL, 'Hadir', '::1', '2026-06-05 08:12:42'),
(201, 40, '2026-06-05', '07:39:13', NULL, 'Hadir', '::1', '2026-06-05 07:39:13'),
(202, 41, '2026-06-05', '08:17:30', NULL, 'Hadir', '::1', '2026-06-05 08:17:30'),
(203, 42, '2026-06-05', '08:20:08', NULL, 'Hadir', '::1', '2026-06-05 08:20:08'),
(204, 43, '2026-06-05', '07:36:54', NULL, 'Hadir', '::1', '2026-06-05 07:36:54'),
(205, 44, '2026-06-05', '07:25:09', NULL, 'Hadir', '::1', '2026-06-05 07:25:09'),
(206, 45, '2026-06-05', '07:58:24', NULL, 'Hadir', '::1', '2026-06-05 07:58:24'),
(207, 47, '2026-06-05', '07:16:13', NULL, 'Hadir', '::1', '2026-06-05 07:16:13'),
(208, 48, '2026-06-05', '08:01:59', NULL, 'Hadir', '::1', '2026-06-05 08:01:59'),
(209, 49, '2026-06-05', '07:35:37', NULL, 'Hadir', '::1', '2026-06-05 07:35:37'),
(210, 50, '2026-06-05', '09:10:53', NULL, 'Hadir', '::1', '2026-06-05 09:10:53'),
(211, 2, '2026-06-08', '07:47:28', NULL, 'Hadir', '::1', '2026-06-08 07:47:28'),
(212, 4, '2026-06-08', '07:31:08', NULL, 'Hadir', '::1', '2026-06-08 07:31:08'),
(213, 6, '2026-06-08', '07:46:08', NULL, 'Hadir', '::1', '2026-06-08 07:46:08'),
(214, 7, '2026-06-08', '07:17:40', NULL, 'Hadir', '::1', '2026-06-08 07:17:40'),
(215, 8, '2026-06-08', '08:29:12', NULL, 'Hadir', '::1', '2026-06-08 08:29:12'),
(216, 9, '2026-06-08', '07:27:23', NULL, 'Hadir', '::1', '2026-06-08 07:27:23'),
(217, 11, '2026-06-08', '07:11:10', NULL, 'Hadir', '::1', '2026-06-08 07:11:10'),
(218, 12, '2026-06-08', '08:43:08', NULL, 'Hadir', '::1', '2026-06-08 08:43:08'),
(219, 13, '2026-06-08', '07:00:22', NULL, 'Hadir', '::1', '2026-06-08 07:00:22'),
(220, 14, '2026-06-08', '07:06:56', NULL, 'Hadir', '::1', '2026-06-08 07:06:56'),
(221, 15, '2026-06-08', '08:52:06', NULL, 'Hadir', '::1', '2026-06-08 08:52:06'),
(222, 16, '2026-06-08', '09:07:07', NULL, 'Hadir', '::1', '2026-06-08 09:07:07'),
(223, 17, '2026-06-08', '07:41:14', NULL, 'Hadir', '::1', '2026-06-08 07:41:14'),
(224, 18, '2026-06-08', '07:23:00', NULL, 'Hadir', '::1', '2026-06-08 07:23:00'),
(225, 19, '2026-06-08', '07:35:28', NULL, 'Hadir', '::1', '2026-06-08 07:35:28'),
(226, 20, '2026-06-08', '07:04:51', NULL, 'Hadir', '::1', '2026-06-08 07:04:51'),
(227, 22, '2026-06-08', '07:46:50', NULL, 'Hadir', '::1', '2026-06-08 07:46:50'),
(228, 23, '2026-06-08', '07:22:55', NULL, 'Hadir', '::1', '2026-06-08 07:22:55'),
(229, 25, '2026-06-08', '07:10:23', NULL, 'Hadir', '::1', '2026-06-08 07:10:23'),
(230, 26, '2026-06-08', '07:01:53', NULL, 'Hadir', '::1', '2026-06-08 07:01:53'),
(231, 27, '2026-06-08', '07:00:25', NULL, 'Hadir', '::1', '2026-06-08 07:00:25'),
(232, 28, '2026-06-08', '07:40:36', NULL, 'Hadir', '::1', '2026-06-08 07:40:36'),
(233, 29, '2026-06-08', '07:41:37', NULL, 'Hadir', '::1', '2026-06-08 07:41:37'),
(234, 30, '2026-06-08', '08:12:22', NULL, 'Hadir', '::1', '2026-06-08 08:12:22'),
(235, 32, '2026-06-08', '07:35:43', NULL, 'Hadir', '::1', '2026-06-08 07:35:43'),
(236, 33, '2026-06-08', '07:39:08', NULL, 'Hadir', '::1', '2026-06-08 07:39:08'),
(237, 34, '2026-06-08', '07:42:58', NULL, 'Hadir', '::1', '2026-06-08 07:42:58'),
(238, 35, '2026-06-08', '07:01:19', NULL, 'Hadir', '::1', '2026-06-08 07:01:19'),
(239, 36, '2026-06-08', '07:38:58', NULL, 'Hadir', '::1', '2026-06-08 07:38:58'),
(240, 37, '2026-06-08', '07:58:33', NULL, 'Hadir', '::1', '2026-06-08 07:58:33'),
(241, 39, '2026-06-08', '07:47:08', NULL, 'Hadir', '::1', '2026-06-08 07:47:08'),
(242, 40, '2026-06-08', '08:41:17', NULL, 'Hadir', '::1', '2026-06-08 08:41:17'),
(243, 42, '2026-06-08', '07:36:10', NULL, 'Hadir', '::1', '2026-06-08 07:36:10'),
(244, 43, '2026-06-08', '07:40:49', NULL, 'Hadir', '::1', '2026-06-08 07:40:49'),
(245, 44, '2026-06-08', '09:07:49', NULL, 'Hadir', '::1', '2026-06-08 09:07:49'),
(246, 45, '2026-06-08', '07:27:50', NULL, 'Hadir', '::1', '2026-06-08 07:27:50'),
(247, 46, '2026-06-08', '08:50:48', NULL, 'Hadir', '::1', '2026-06-08 08:50:48'),
(248, 47, '2026-06-08', '07:41:57', NULL, 'Hadir', '::1', '2026-06-08 07:41:57'),
(249, 48, '2026-06-08', '09:03:01', NULL, 'Hadir', '::1', '2026-06-08 09:03:01'),
(250, 49, '2026-06-08', '07:26:29', NULL, 'Hadir', '::1', '2026-06-08 07:26:29'),
(251, 50, '2026-06-08', '07:23:07', NULL, 'Hadir', '::1', '2026-06-08 07:23:07'),
(252, 1, '2026-06-09', '08:31:47', NULL, 'Hadir', '::1', '2026-06-09 08:31:47'),
(253, 3, '2026-06-09', '07:40:43', NULL, 'Hadir', '::1', '2026-06-09 07:40:43'),
(254, 4, '2026-06-09', '07:25:34', NULL, 'Hadir', '::1', '2026-06-09 07:25:34'),
(255, 5, '2026-06-09', '07:51:45', NULL, 'Hadir', '::1', '2026-06-09 07:51:45'),
(256, 7, '2026-06-09', '07:44:06', NULL, 'Hadir', '::1', '2026-06-09 07:44:06'),
(257, 8, '2026-06-09', '07:39:12', NULL, 'Hadir', '::1', '2026-06-09 07:39:12'),
(258, 10, '2026-06-09', '08:32:10', NULL, 'Hadir', '::1', '2026-06-09 08:32:10'),
(259, 11, '2026-06-09', '08:41:52', NULL, 'Hadir', '::1', '2026-06-09 08:41:52'),
(260, 12, '2026-06-09', '07:30:44', NULL, 'Hadir', '::1', '2026-06-09 07:30:44'),
(261, 13, '2026-06-09', '07:35:56', NULL, 'Hadir', '::1', '2026-06-09 07:35:56'),
(262, 14, '2026-06-09', '07:05:05', NULL, 'Hadir', '::1', '2026-06-09 07:05:05'),
(263, 16, '2026-06-09', '08:37:02', NULL, 'Hadir', '::1', '2026-06-09 08:37:02'),
(264, 17, '2026-06-09', '07:01:07', NULL, 'Hadir', '::1', '2026-06-09 07:01:07'),
(265, 18, '2026-06-09', '07:25:39', NULL, 'Hadir', '::1', '2026-06-09 07:25:39'),
(266, 19, '2026-06-09', '07:12:36', NULL, 'Hadir', '::1', '2026-06-09 07:12:36'),
(267, 20, '2026-06-09', '07:24:11', NULL, 'Hadir', '::1', '2026-06-09 07:24:11'),
(268, 21, '2026-06-09', '07:40:49', NULL, 'Hadir', '::1', '2026-06-09 07:40:49'),
(269, 23, '2026-06-09', '09:14:52', NULL, 'Hadir', '::1', '2026-06-09 09:14:52'),
(270, 24, '2026-06-09', '07:25:22', NULL, 'Hadir', '::1', '2026-06-09 07:25:22'),
(271, 25, '2026-06-09', '07:05:02', NULL, 'Hadir', '::1', '2026-06-09 07:05:02'),
(272, 26, '2026-06-09', '07:31:37', NULL, 'Hadir', '::1', '2026-06-09 07:31:37'),
(273, 27, '2026-06-09', '08:54:44', NULL, 'Hadir', '::1', '2026-06-09 08:54:44'),
(274, 28, '2026-06-09', '07:40:17', NULL, 'Hadir', '::1', '2026-06-09 07:40:17'),
(275, 29, '2026-06-09', '07:06:03', NULL, 'Hadir', '::1', '2026-06-09 07:06:03'),
(276, 33, '2026-06-09', '08:10:34', NULL, 'Hadir', '::1', '2026-06-09 08:10:34'),
(277, 34, '2026-06-09', '07:26:11', NULL, 'Hadir', '::1', '2026-06-09 07:26:11'),
(278, 35, '2026-06-09', '07:28:10', NULL, 'Hadir', '::1', '2026-06-09 07:28:10'),
(279, 36, '2026-06-09', '09:26:58', NULL, 'Hadir', '::1', '2026-06-09 09:26:58'),
(280, 38, '2026-06-09', '07:04:24', NULL, 'Hadir', '::1', '2026-06-09 07:04:24'),
(281, 39, '2026-06-09', '07:54:36', NULL, 'Hadir', '::1', '2026-06-09 07:54:36'),
(282, 42, '2026-06-09', '07:30:01', NULL, 'Hadir', '::1', '2026-06-09 07:30:01'),
(283, 43, '2026-06-09', '07:02:54', NULL, 'Hadir', '::1', '2026-06-09 07:02:54'),
(284, 44, '2026-06-09', '07:47:24', NULL, 'Hadir', '::1', '2026-06-09 07:47:24'),
(285, 46, '2026-06-09', '08:03:40', NULL, 'Hadir', '::1', '2026-06-09 08:03:40'),
(286, 48, '2026-06-09', '07:41:11', NULL, 'Hadir', '::1', '2026-06-09 07:41:11'),
(287, 49, '2026-06-09', '07:44:43', NULL, 'Hadir', '::1', '2026-06-09 07:44:43'),
(288, 50, '2026-06-09', '07:58:01', NULL, 'Hadir', '::1', '2026-06-09 07:58:01'),
(289, 1, '2026-06-10', '07:22:51', NULL, 'Hadir', '::1', '2026-06-10 07:22:51'),
(290, 2, '2026-06-10', '07:14:59', NULL, 'Hadir', '::1', '2026-06-10 07:14:59'),
(291, 4, '2026-06-10', '07:18:35', NULL, 'Hadir', '::1', '2026-06-10 07:18:35'),
(292, 5, '2026-06-10', '07:42:46', NULL, 'Hadir', '::1', '2026-06-10 07:42:46'),
(293, 6, '2026-06-10', '08:55:33', NULL, 'Hadir', '::1', '2026-06-10 08:55:33'),
(294, 7, '2026-06-10', '07:57:08', NULL, 'Hadir', '::1', '2026-06-10 07:57:08'),
(295, 8, '2026-06-10', '07:39:48', NULL, 'Hadir', '::1', '2026-06-10 07:39:48'),
(296, 10, '2026-06-10', '08:51:03', NULL, 'Hadir', '::1', '2026-06-10 08:51:03'),
(297, 11, '2026-06-10', '08:27:37', NULL, 'Hadir', '::1', '2026-06-10 08:27:37'),
(298, 12, '2026-06-10', '07:05:03', NULL, 'Hadir', '::1', '2026-06-10 07:05:03'),
(299, 13, '2026-06-10', '07:17:01', NULL, 'Hadir', '::1', '2026-06-10 07:17:01'),
(300, 14, '2026-06-10', '07:54:26', NULL, 'Hadir', '::1', '2026-06-10 07:54:26'),
(301, 15, '2026-06-10', '09:00:09', NULL, 'Hadir', '::1', '2026-06-10 09:00:09'),
(302, 16, '2026-06-10', '07:05:29', NULL, 'Hadir', '::1', '2026-06-10 07:05:29'),
(303, 19, '2026-06-10', '07:42:20', NULL, 'Hadir', '::1', '2026-06-10 07:42:20'),
(304, 20, '2026-06-10', '08:36:26', NULL, 'Hadir', '::1', '2026-06-10 08:36:26'),
(305, 21, '2026-06-10', '07:46:04', NULL, 'Hadir', '::1', '2026-06-10 07:46:04'),
(306, 22, '2026-06-10', '07:19:23', NULL, 'Hadir', '::1', '2026-06-10 07:19:23'),
(307, 23, '2026-06-10', '07:26:58', NULL, 'Hadir', '::1', '2026-06-10 07:26:58'),
(308, 24, '2026-06-10', '07:22:38', NULL, 'Hadir', '::1', '2026-06-10 07:22:38'),
(309, 26, '2026-06-10', '07:10:10', NULL, 'Hadir', '::1', '2026-06-10 07:10:10'),
(310, 27, '2026-06-10', '07:13:49', NULL, 'Hadir', '::1', '2026-06-10 07:13:49'),
(311, 28, '2026-06-10', '07:49:02', NULL, 'Hadir', '::1', '2026-06-10 07:49:02'),
(312, 29, '2026-06-10', '07:38:18', NULL, 'Hadir', '::1', '2026-06-10 07:38:18'),
(313, 30, '2026-06-10', '07:44:23', NULL, 'Hadir', '::1', '2026-06-10 07:44:23'),
(314, 31, '2026-06-10', '07:04:27', NULL, 'Hadir', '::1', '2026-06-10 07:04:27'),
(315, 34, '2026-06-10', '07:29:26', NULL, 'Hadir', '::1', '2026-06-10 07:29:26'),
(316, 35, '2026-06-10', '07:47:50', NULL, 'Hadir', '::1', '2026-06-10 07:47:50'),
(317, 36, '2026-06-10', '07:29:02', NULL, 'Hadir', '::1', '2026-06-10 07:29:02'),
(318, 37, '2026-06-10', '07:22:18', NULL, 'Hadir', '::1', '2026-06-10 07:22:18'),
(319, 38, '2026-06-10', '07:31:41', NULL, 'Hadir', '::1', '2026-06-10 07:31:41'),
(320, 39, '2026-06-10', '08:23:00', NULL, 'Hadir', '::1', '2026-06-10 08:23:00'),
(321, 40, '2026-06-10', '08:17:39', NULL, 'Hadir', '::1', '2026-06-10 08:17:39'),
(322, 41, '2026-06-10', '07:42:42', NULL, 'Hadir', '::1', '2026-06-10 07:42:42'),
(323, 42, '2026-06-10', '07:18:28', NULL, 'Hadir', '::1', '2026-06-10 07:18:28'),
(324, 43, '2026-06-10', '07:03:55', NULL, 'Hadir', '::1', '2026-06-10 07:03:55'),
(325, 45, '2026-06-10', '07:56:01', NULL, 'Hadir', '::1', '2026-06-10 07:56:01'),
(326, 46, '2026-06-10', '07:54:42', NULL, 'Hadir', '::1', '2026-06-10 07:54:42'),
(327, 47, '2026-06-10', '07:51:02', NULL, 'Hadir', '::1', '2026-06-10 07:51:02'),
(328, 48, '2026-06-10', '07:39:10', NULL, 'Hadir', '::1', '2026-06-10 07:39:10'),
(329, 49, '2026-06-10', '08:47:59', NULL, 'Hadir', '::1', '2026-06-10 08:47:59'),
(330, 1, '2026-06-12', '10:09:21', NULL, 'Alpa', '::1', '2026-06-12 10:09:21'),
(331, 1, '2026-06-13', '11:30:47', NULL, 'Alpa', '::1', '2026-06-13 11:30:47'),
(332, 1, '2026-06-14', '00:07:51', NULL, 'Hadir', '::1', '2026-06-14 00:07:51'),
(333, 2, '2026-06-14', '10:15:36', NULL, 'Alpa', '::1', '2026-06-14 10:15:36'),
(334, 5, '2026-06-14', '10:17:16', NULL, 'Alpa', '::1', '2026-06-14 10:17:16');

--
-- Triggers `log_absensi_harian`
--
DELIMITER $$
CREATE TRIGGER `tr_SyncAbsenKeRekap` AFTER INSERT ON `log_absensi_harian` FOR EACH ROW BEGIN
    DECLARE v_menit_terlambat INT DEFAULT 0;
    DECLARE v_is_hadir INT DEFAULT 0;
    DECLARE v_is_alpa INT DEFAULT 0;

    IF NEW.status_kehadiran = 'Hadir' THEN
        SET v_is_hadir = 1;
        IF NEW.jam_masuk > '08:00:00' THEN
            SET v_menit_terlambat = FLOOR(TIME_TO_SEC(TIMEDIFF(NEW.jam_masuk, '08:00:00')) / 60);
        END IF;
    ELSEIF NEW.status_kehadiran = 'Alpa' THEN
        SET v_is_alpa = 1;
    END IF;

    INSERT INTO rekap_absensi (id_karyawan, bulan, tahun, jumlah_hadir, jumlah_alpa, total_jam_lembur, total_menit_terlambat)
    VALUES (NEW.id_karyawan, MONTH(NEW.tanggal), YEAR(NEW.tanggal), v_is_hadir, v_is_alpa, 0, v_menit_terlambat)
    ON DUPLICATE KEY UPDATE
        jumlah_hadir = jumlah_hadir + v_is_hadir,
        jumlah_alpa = jumlah_alpa + v_is_alpa,
        total_menit_terlambat = total_menit_terlambat + v_menit_terlambat;
END
$$
DELIMITER ;

-- --------------------------------------------------------

--
-- Table structure for table `log_perubahan_gaji`
--

CREATE TABLE `log_perubahan_gaji` (
  `id_log` int NOT NULL,
  `id_jabatan` int NOT NULL,
  `nama_jabatan` varchar(50) NOT NULL,
  `gaji_pokok_lama` decimal(18,2) NOT NULL,
  `gaji_pokok_baru` decimal(18,2) NOT NULL,
  `user_pemasok` varchar(100) NOT NULL,
  `waktu_perubahan` datetime NOT NULL
) ENGINE=InnoDB DEFAULT CHARSET=utf8mb4 COLLATE=utf8mb4_0900_ai_ci;

--
-- Dumping data for table `log_perubahan_gaji`
--

INSERT INTO `log_perubahan_gaji` (`id_log`, `id_jabatan`, `nama_jabatan`, `gaji_pokok_lama`, `gaji_pokok_baru`, `user_pemasok`, `waktu_perubahan`) VALUES
(1, 3, 'Staff Junior IT', 4500000.00, 9000000.00, 'root@localhost', '2026-06-14 02:24:51');

-- --------------------------------------------------------

--
-- Table structure for table `master_jabatan`
--

CREATE TABLE `master_jabatan` (
  `id_jabatan` int NOT NULL,
  `nama_jabatan` varchar(50) NOT NULL,
  `gaji_pokok` decimal(18,2) NOT NULL,
  `tunjangan_jabatan` decimal(18,2) NOT NULL DEFAULT '0.00'
) ENGINE=InnoDB DEFAULT CHARSET=utf8mb4 COLLATE=utf8mb4_0900_ai_ci;

--
-- Dumping data for table `master_jabatan`
--

INSERT INTO `master_jabatan` (`id_jabatan`, `nama_jabatan`, `gaji_pokok`, `tunjangan_jabatan`) VALUES
(1, 'Manager', 10000000.00, 2500000.00),
(2, 'Staff Senior IT', 7500000.00, 1000000.00),
(3, 'Staff Junior IT', 9000000.00, 300000.00),
(4, 'Staff Administrasi', 4000000.00, 200000.00),
(5, 'Security Kantor', 3500000.00, 100000.00);

--
-- Triggers `master_jabatan`
--
DELIMITER $$
CREATE TRIGGER `tr_LogPerubahanGaji` AFTER UPDATE ON `master_jabatan` FOR EACH ROW BEGIN
    IF OLD.gaji_pokok <> NEW.gaji_pokok THEN
        INSERT INTO `log_perubahan_gaji` (
            `id_jabatan`,
            `nama_jabatan`,
            `gaji_pokok_lama`,
            `gaji_pokok_baru`,
            `user_pemasok`,
            `waktu_perubahan`
        )
        VALUES (
            NEW.id_jabatan,
            NEW.nama_jabatan,
            OLD.gaji_pokok,
            NEW.gaji_pokok,
            USER(),
            NOW()
        );
    END IF;
END
$$
DELIMITER ;

-- --------------------------------------------------------

--
-- Table structure for table `master_karyawan`
--

CREATE TABLE `master_karyawan` (
  `id_karyawan` int NOT NULL,
  `nik` varchar(20) NOT NULL,
  `nama_karyawan` varchar(100) NOT NULL,
  `id_jabatan` int NOT NULL,
  `status_aktif` tinyint(1) NOT NULL DEFAULT '1',
  `tanggal_masuk` date NOT NULL
) ENGINE=InnoDB DEFAULT CHARSET=utf8mb4 COLLATE=utf8mb4_0900_ai_ci;

--
-- Dumping data for table `master_karyawan`
--

INSERT INTO `master_karyawan` (`id_karyawan`, `nik`, `nama_karyawan`, `id_jabatan`, `status_aktif`, `tanggal_masuk`) VALUES
(1, 'NIK2026001', 'Alghifari Amar', 1, 1, '2024-12-04'),
(2, 'NIK2026002', 'Budi Santoso', 1, 1, '2022-06-20'),
(3, 'NIK2026003', 'Siti Aminah', 5, 1, '2024-02-11'),
(4, 'NIK2026004', 'Puput Wulandari', 3, 1, '2023-04-11'),
(5, 'NIK2026005', 'Agus Hermawan', 3, 1, '2023-09-04'),
(6, 'NIK2026006', 'Hendra Wijaya', 5, 1, '2020-07-22'),
(7, 'NIK2026007', 'Dewi Lestari', 2, 1, '2020-12-10'),
(8, 'NIK2026008', 'Ahmad Fauzi', 3, 1, '2023-01-15'),
(9, 'NIK2026009', 'Eko Prasetyo', 3, 1, '2023-11-09'),
(10, 'NIK2026010', 'Rina Fitriani', 5, 1, '2021-05-10'),
(11, 'NIK2026011', 'Adi Nugroho', 3, 1, '2022-09-16'),
(12, 'NIK2026012', 'Bambang Susilo', 4, 1, '2025-02-02'),
(13, 'NIK2026013', 'Joko Widodo', 3, 1, '2022-07-16'),
(14, 'NIK2026014', 'Megawati Sukarno', 3, 1, '2022-01-24'),
(15, 'NIK2026015', 'Prabowo Subianto', 5, 1, '2023-08-29'),
(16, 'NIK2026016', 'Gibran Rakabuming', 4, 1, '2023-05-15'),
(17, 'NIK2026017', 'Anies Baswedan', 5, 1, '2022-09-25'),
(18, 'NIK2026018', 'Ganjar Pranowo', 4, 1, '2024-10-12'),
(19, 'NIK2026019', 'Ridwan Kamil', 2, 1, '2023-06-18'),
(20, 'NIK2026020', 'Sandiaga Uno', 4, 1, '2022-09-09'),
(21, 'NIK2026021', 'Erick Thohir', 3, 1, '2023-05-04'),
(22, 'NIK2026022', 'Luhut Pandjaitan', 5, 1, '2022-08-03'),
(23, 'NIK2026023', 'Sri Mulyani', 5, 1, '2020-06-22'),
(24, 'NIK2026024', 'Retno Marsudi', 5, 1, '2024-04-28'),
(25, 'NIK2026025', 'Basuki Hadimuljono', 5, 1, '2023-08-13'),
(26, 'NIK2026026', 'Mahfud MD', 3, 1, '2021-03-31'),
(27, 'NIK2026027', 'Najwa Shihab', 2, 1, '2020-06-21'),
(28, 'NIK2026028', 'Raffi Ahmad', 4, 1, '2023-04-16'),
(29, 'NIK2026029', 'Nagita Slavina', 2, 1, '2023-11-06'),
(30, 'NIK2026030', 'Deddy Corbuzier', 3, 1, '2021-12-22'),
(31, 'NIK2026031', 'Baim Wong', 3, 1, '2021-08-11'),
(32, 'NIK2026032', 'Paula Verhoeven', 4, 1, '2021-08-03'),
(33, 'NIK2026033', 'Atta Halilintar', 3, 1, '2024-12-07'),
(34, 'NIK2026034', 'Aurel Hermansyah', 5, 1, '2023-09-22'),
(35, 'NIK2026035', 'Raditya Dika', 3, 1, '2021-08-30'),
(36, 'NIK2026036', 'Ernest Prakasa', 5, 1, '2022-09-09'),
(37, 'NIK2026037', 'Sule Sutisna', 2, 1, '2025-06-01'),
(38, 'NIK2026038', 'Andre Taulany', 4, 1, '2024-03-07'),
(39, 'NIK2026039', 'Vincent Rompies', 2, 1, '2021-11-30'),
(40, 'NIK2026040', 'Desta Mahendra', 3, 1, '2022-12-05'),
(41, 'NIK2026041', 'Tora Sudiro', 5, 1, '2022-06-04'),
(42, 'NIK2026042', 'Indro Warkop', 5, 1, '2024-10-17'),
(43, 'NIK2026043', 'Dono Prasetyo', 5, 1, '2022-07-27'),
(44, 'NIK2026044', 'Kasino Wibowo', 5, 1, '2020-08-26'),
(45, 'NIK2026045', 'Indrojoyo Kusumo', 2, 1, '2025-04-20'),
(46, 'NIK2026046', 'Dian Sastrowardoyo', 5, 1, '2022-12-13'),
(47, 'NIK2026047', 'Nicholas Saputra', 4, 1, '2023-02-10'),
(48, 'NIK2026048', 'Reza Rahadian', 3, 1, '2022-07-20'),
(49, 'NIK2026049', 'Chelsea Islan', 5, 1, '2024-05-22'),
(50, 'NIK2026050', 'Pevita Pearce', 5, 1, '2024-12-08');

-- --------------------------------------------------------

--
-- Table structure for table `master_konfigurasi`
--

CREATE TABLE `master_konfigurasi` (
  `id_config` int NOT NULL,
  `nama_parameter` varchar(100) NOT NULL,
  `nilai_numeric` decimal(18,2) NOT NULL,
  `keterangan` varchar(255) DEFAULT NULL
) ENGINE=InnoDB DEFAULT CHARSET=utf8mb4 COLLATE=utf8mb4_0900_ai_ci;

--
-- Dumping data for table `master_konfigurasi`
--

INSERT INTO `master_konfigurasi` (`id_config`, `nama_parameter`, `nilai_numeric`, `keterangan`) VALUES
(1, 'TARIF_LEMBUR_PER_JAM', 50000.00, 'Upah lembur per jam karyawan'),
(2, 'DENDA_ALPA_PER_HARI', 150000.00, 'Potongan per hari jika tidak masuk tanpa keterangan'),
(3, 'DENDA_TERLATM_PER_10_MENIT', 10000.00, 'Denda denda keterlambatan per kelipatan 10 menit');

-- --------------------------------------------------------

--
-- Table structure for table `master_user`
--

CREATE TABLE `master_user` (
  `id_user` int NOT NULL,
  `username` varchar(50) NOT NULL,
  `password_hash` varchar(255) NOT NULL,
  `role` varchar(20) NOT NULL,
  `id_karyawan` int DEFAULT NULL
) ENGINE=InnoDB DEFAULT CHARSET=utf8mb4 COLLATE=utf8mb4_0900_ai_ci;

--
-- Dumping data for table `master_user`
--

INSERT INTO `master_user` (`id_user`, `username`, `password_hash`, `role`, `id_karyawan`) VALUES
(1, 'admin_hrd', 'hrd_123', 'Admin HR', NULL),
(2, 'alghifari', 'karyawan_123', 'Karyawan', 1),
(3, 'budi', 'karyawan_123', 'Karyawan', 2),
(4, 'karyawan3', 'karyawan_123', 'Karyawan', 3),
(5, 'karyawan4', 'karyawan_123', 'Karyawan', 4),
(6, 'karyawan5', 'karyawan_123', 'Karyawan', 5),
(7, 'karyawan6', 'karyawan_123', 'Karyawan', 6),
(8, 'karyawan7', 'karyawan_123', 'Karyawan', 7),
(9, 'karyawan8', 'karyawan_123', 'Karyawan', 8),
(10, 'karyawan9', 'karyawan_123', 'Karyawan', 9),
(11, 'karyawan10', 'karyawan_123', 'Karyawan', 10),
(12, 'karyawan11', 'karyawan_123', 'Karyawan', 11),
(13, 'karyawan12', 'karyawan_123', 'Karyawan', 12),
(14, 'karyawan13', 'karyawan_123', 'Karyawan', 13),
(15, 'karyawan14', 'karyawan_123', 'Karyawan', 14),
(16, 'karyawan15', 'karyawan_123', 'Karyawan', 15),
(17, 'karyawan16', 'karyawan_123', 'Karyawan', 16),
(18, 'karyawan17', 'karyawan_123', 'Karyawan', 17),
(19, 'karyawan18', 'karyawan_123', 'Karyawan', 18),
(20, 'karyawan19', 'karyawan_123', 'Karyawan', 19),
(21, 'karyawan20', 'karyawan_123', 'Karyawan', 20),
(22, 'karyawan21', 'karyawan_123', 'Karyawan', 21),
(23, 'karyawan22', 'karyawan_123', 'Karyawan', 22),
(24, 'karyawan23', 'karyawan_123', 'Karyawan', 23),
(25, 'karyawan24', 'karyawan_123', 'Karyawan', 24),
(26, 'karyawan25', 'karyawan_123', 'Karyawan', 25),
(27, 'karyawan26', 'karyawan_123', 'Karyawan', 26),
(28, 'karyawan27', 'karyawan_123', 'Karyawan', 27),
(29, 'karyawan28', 'karyawan_123', 'Karyawan', 28),
(30, 'karyawan29', 'karyawan_123', 'Karyawan', 29),
(31, 'karyawan30', 'karyawan_123', 'Karyawan', 30),
(32, 'karyawan31', 'karyawan_123', 'Karyawan', 31),
(33, 'karyawan32', 'karyawan_123', 'Karyawan', 32),
(34, 'karyawan33', 'karyawan_123', 'Karyawan', 33),
(35, 'karyawan34', 'karyawan_123', 'Karyawan', 34),
(36, 'karyawan35', 'karyawan_123', 'Karyawan', 35),
(37, 'karyawan36', 'karyawan_123', 'Karyawan', 36),
(38, 'karyawan37', 'karyawan_123', 'Karyawan', 37),
(39, 'karyawan38', 'karyawan_123', 'Karyawan', 38),
(40, 'karyawan39', 'karyawan_123', 'Karyawan', 39),
(41, 'karyawan40', 'karyawan_123', 'Karyawan', 40),
(42, 'karyawan41', 'karyawan_123', 'Karyawan', 41),
(43, 'karyawan42', 'karyawan_123', 'Karyawan', 42),
(44, 'karyawan43', 'karyawan_123', 'Karyawan', 43),
(45, 'karyawan44', 'karyawan_123', 'Karyawan', 44),
(46, 'karyawan45', 'karyawan_123', 'Karyawan', 45),
(47, 'karyawan46', 'karyawan_123', 'Karyawan', 46),
(48, 'karyawan47', 'karyawan_123', 'Karyawan', 47),
(49, 'karyawan48', 'karyawan_123', 'Karyawan', 48),
(50, 'karyawan49', 'karyawan_123', 'Karyawan', 49),
(51, 'karyawan50', 'karyawan_123', 'Karyawan', 50);

-- --------------------------------------------------------

--
-- Table structure for table `pengajuan_lembur`
--

CREATE TABLE `pengajuan_lembur` (
  `id_lembur` int NOT NULL,
  `id_karyawan` int DEFAULT NULL,
  `tanggal_lembur` date NOT NULL,
  `durasi_jam` int NOT NULL,
  `keterangan` varchar(255) NOT NULL,
  `status_approval` varchar(20) DEFAULT 'Pending'
) ENGINE=InnoDB DEFAULT CHARSET=utf8mb4 COLLATE=utf8mb4_0900_ai_ci;

--
-- Dumping data for table `pengajuan_lembur`
--

INSERT INTO `pengajuan_lembur` (`id_lembur`, `id_karyawan`, `tanggal_lembur`, `durasi_jam`, `keterangan`, `status_approval`) VALUES
(1, 6, '2026-06-02', 3, 'Pengecekan keamanan infrastruktur IT kantor', 'Approved'),
(2, 6, '2026-06-10', 4, 'Pengecekan keamanan infrastruktur IT kantor', 'Approved'),
(3, 7, '2026-06-02', 2, 'Beresin server crash di malam hari', 'Rejected'),
(4, 7, '2026-06-04', 5, 'Membantu event HR gathering akhir pekan', 'Approved'),
(5, 8, '2026-06-04', 4, 'Beresin server crash di malam hari', 'Pending'),
(6, 8, '2026-06-01', 3, 'Beresin server crash di malam hari', 'Approved'),
(7, 10, '2026-06-05', 2, 'Support migrasi database produksi', 'Approved'),
(8, 10, '2026-06-09', 2, 'Pengecekan keamanan infrastruktur IT kantor', 'Approved'),
(9, 12, '2026-06-02', 4, 'Support migrasi database produksi', 'Approved'),
(10, 18, '2026-06-08', 1, 'Menyelesaikan administrasi berkas kontrak baru', 'Pending'),
(11, 21, '2026-06-08', 5, 'Membantu event HR gathering akhir pekan', 'Pending'),
(12, 21, '2026-06-01', 4, 'Beresin server crash di malam hari', 'Rejected'),
(13, 25, '2026-06-03', 5, 'Pengecekan keamanan infrastruktur IT kantor', 'Approved'),
(14, 26, '2026-06-09', 5, 'Beresin server crash di malam hari', 'Rejected'),
(15, 26, '2026-06-05', 2, 'Pengecekan keamanan infrastruktur IT kantor', 'Approved'),
(16, 28, '2026-06-10', 1, 'Pengecekan keamanan infrastruktur IT kantor', 'Approved'),
(17, 33, '2026-06-10', 4, 'Pengecekan keamanan infrastruktur IT kantor', 'Approved'),
(18, 38, '2026-06-01', 1, 'Menyelesaikan laporan keuangan bulanan', 'Pending'),
(19, 38, '2026-06-04', 3, 'Membantu event HR gathering akhir pekan', 'Approved'),
(20, 42, '2026-06-04', 5, 'Pengecekan keamanan infrastruktur IT kantor', 'Approved'),
(21, 42, '2026-06-03', 4, 'Membantu event HR gathering akhir pekan', 'Approved'),
(22, 44, '2026-06-03', 3, 'Menyelesaikan laporan keuangan bulanan', 'Approved'),
(23, 45, '2026-06-02', 1, 'Beresin server crash di malam hari', 'Approved'),
(24, 45, '2026-06-01', 1, 'Support migrasi database produksi', 'Approved'),
(25, 47, '2026-06-09', 5, 'Support migrasi database produksi', 'Approved'),
(26, 47, '2026-06-10', 3, 'Beresin server crash di malam hari', 'Rejected'),
(27, 1, '2026-06-12', 2, 'males \r\n', 'Approved'),
(28, 1, '2026-06-13', 10, 'aku mw lembur skrg lupa anjay g aikutan masuk', 'Approved'),
(29, 1, '2026-06-14', 12, 'cepet mau naik haji', 'Approved');

--
-- Triggers `pengajuan_lembur`
--
DELIMITER $$
CREATE TRIGGER `tr_SyncLemburKeRekap` AFTER UPDATE ON `pengajuan_lembur` FOR EACH ROW BEGIN
      IF NEW.status_approval = 'Approved' AND OLD.status_approval <> 'Approved'
  THEN
          INSERT INTO rekap_absensi (id_karyawan, bulan, tahun, jumlah_hadir,
  jumlah_alpa, total_jam_lembur, total_menit_terlambat)
          VALUES (NEW.id_karyawan, MONTH(NEW.tanggal_lembur),
  YEAR(NEW.tanggal_lembur), 0, 0, NEW.durasi_jam, 0)
          ON DUPLICATE KEY UPDATE
              total_jam_lembur = total_jam_lembur + NEW.durasi_jam;
      END IF;
  END
$$
DELIMITER ;

-- --------------------------------------------------------

--
-- Table structure for table `rekap_absensi`
--

CREATE TABLE `rekap_absensi` (
  `id_rekap` int NOT NULL,
  `id_karyawan` int NOT NULL,
  `bulan` int NOT NULL,
  `tahun` int NOT NULL,
  `jumlah_hadir` int NOT NULL DEFAULT '0',
  `jumlah_alpa` int NOT NULL DEFAULT '0',
  `total_jam_lembur` int NOT NULL DEFAULT '0',
  `total_menit_terlambat` int DEFAULT '0'
) ENGINE=InnoDB DEFAULT CHARSET=utf8mb4 COLLATE=utf8mb4_0900_ai_ci;

--
-- Dumping data for table `rekap_absensi`
--

INSERT INTO `rekap_absensi` (`id_rekap`, `id_karyawan`, `bulan`, `tahun`, `jumlah_hadir`, `jumlah_alpa`, `total_jam_lembur`, `total_menit_terlambat`) VALUES
(1, 2, 6, 2026, 6, 1, 0, 0),
(2, 4, 6, 2026, 8, 0, 0, 0),
(3, 5, 6, 2026, 6, 1, 0, 136),
(4, 6, 6, 2026, 5, 0, 0, 113),
(5, 7, 6, 2026, 8, 0, 0, 161),
(6, 8, 6, 2026, 8, 0, 0, 53),
(7, 9, 6, 2026, 6, 0, 0, 62),
(8, 10, 6, 2026, 6, 0, 0, 83),
(9, 11, 6, 2026, 7, 0, 0, 68),
(10, 12, 6, 2026, 7, 0, 0, 43),
(11, 13, 6, 2026, 8, 0, 0, 0),
(12, 14, 6, 2026, 7, 0, 0, 73),
(13, 15, 6, 2026, 6, 0, 0, 199),
(14, 16, 6, 2026, 8, 0, 0, 155),
(15, 17, 6, 2026, 7, 0, 0, 136),
(16, 18, 6, 2026, 6, 0, 0, 0),
(17, 19, 6, 2026, 8, 0, 0, 0),
(18, 20, 6, 2026, 7, 0, 0, 36),
(19, 21, 6, 2026, 6, 0, 0, 169),
(20, 22, 6, 2026, 6, 0, 0, 91),
(21, 24, 6, 2026, 7, 0, 0, 41),
(22, 25, 6, 2026, 7, 0, 0, 91),
(23, 26, 6, 2026, 7, 0, 2, 51),
(24, 27, 6, 2026, 7, 0, 0, 54),
(25, 30, 6, 2026, 4, 0, 0, 81),
(26, 31, 6, 2026, 6, 0, 0, 0),
(27, 32, 6, 2026, 5, 0, 0, 51),
(28, 33, 6, 2026, 7, 0, 0, 14),
(29, 34, 6, 2026, 6, 0, 0, 50),
(30, 36, 6, 2026, 8, 0, 0, 86),
(31, 37, 6, 2026, 7, 0, 0, 14),
(32, 38, 6, 2026, 7, 0, 0, 161),
(33, 39, 6, 2026, 7, 0, 0, 25),
(34, 40, 6, 2026, 7, 0, 0, 127),
(35, 41, 6, 2026, 6, 0, 0, 85),
(36, 42, 6, 2026, 8, 0, 0, 20),
(37, 43, 6, 2026, 8, 0, 0, 142),
(38, 44, 6, 2026, 7, 0, 0, 128),
(39, 46, 6, 2026, 7, 0, 0, 101),
(40, 47, 6, 2026, 7, 0, 0, 35),
(41, 48, 6, 2026, 7, 0, 0, 96),
(42, 49, 6, 2026, 8, 0, 0, 92),
(43, 50, 6, 2026, 5, 0, 0, 70),
(44, 1, 6, 2026, 6, 2, 24, 31),
(46, 3, 6, 2026, 5, 0, 0, 40),
(64, 28, 6, 2026, 6, 0, 0, 0),
(65, 29, 6, 2026, 7, 0, 0, 0),
(79, 45, 6, 2026, 5, 0, 0, 0),
(105, 23, 6, 2026, 5, 0, 0, 74),
(114, 35, 6, 2026, 5, 0, 0, 0),
(330, 1, 5, 2026, 22, 0, 2, 36);

-- --------------------------------------------------------

--
-- Table structure for table `slip_gaji_d`
--

CREATE TABLE `slip_gaji_d` (
  `id_slip_d` int NOT NULL,
  `id_slip_h` int NOT NULL,
  `id_komponen` int DEFAULT NULL,
  `nama_komponen` varchar(50) NOT NULL,
  `jenis_komponen` varchar(20) NOT NULL,
  `nominal` decimal(18,2) NOT NULL
) ENGINE=InnoDB DEFAULT CHARSET=utf8mb4 COLLATE=utf8mb4_0900_ai_ci;

--
-- Dumping data for table `slip_gaji_d`
--

INSERT INTO `slip_gaji_d` (`id_slip_d`, `id_slip_h`, `id_komponen`, `nama_komponen`, `jenis_komponen`, `nominal`) VALUES
(4278, 1251, NULL, 'Gaji Pokok Base', 'Pendapatan', 10000000.00),
(4279, 1251, NULL, 'Tunjangan Jabatan', 'Pendapatan', 2500000.00),
(4280, 1251, NULL, 'Uang Lembur Aktif', 'Pendapatan', 252890.17),
(4281, 1251, NULL, 'Potongan Mangkir Kerja\r\n  (Alpa)', 'Potongan', 1538461.54),
(4282, 1251, NULL, 'Denda Keterlambatan\r\n  (Kelipatan 10m)', 'Potongan', 30000.00),
(4283, 1252, NULL, 'Gaji Pokok Base', 'Pendapatan', 10000000.00),
(4284, 1252, NULL, 'Tunjangan Jabatan', 'Pendapatan', 2500000.00),
(4285, 1252, NULL, 'Potongan Mangkir Kerja\r\n  (Alpa)', 'Potongan', 10000000.00),
(4286, 1253, NULL, 'Gaji Pokok Base', 'Pendapatan', 3500000.00),
(4287, 1253, NULL, 'Tunjangan Jabatan', 'Pendapatan', 100000.00),
(4288, 1253, NULL, 'Potongan Mangkir Kerja\r\n  (Alpa)', 'Potongan', 3500000.00),
(4289, 1254, NULL, 'Gaji Pokok Base', 'Pendapatan', 9000000.00),
(4290, 1254, NULL, 'Tunjangan Jabatan', 'Pendapatan', 300000.00),
(4291, 1254, NULL, 'Potongan Mangkir Kerja\r\n  (Alpa)', 'Potongan', 9000000.00),
(4292, 1255, NULL, 'Gaji Pokok Base', 'Pendapatan', 9000000.00),
(4293, 1255, NULL, 'Tunjangan Jabatan', 'Pendapatan', 300000.00),
(4294, 1255, NULL, 'Potongan Mangkir Kerja\r\n  (Alpa)', 'Potongan', 9000000.00),
(4295, 1256, NULL, 'Gaji Pokok Base', 'Pendapatan', 3500000.00),
(4296, 1256, NULL, 'Tunjangan Jabatan', 'Pendapatan', 100000.00),
(4297, 1256, NULL, 'Potongan Mangkir Kerja\r\n  (Alpa)', 'Potongan', 3500000.00),
(4298, 1257, NULL, 'Gaji Pokok Base', 'Pendapatan', 7500000.00),
(4299, 1257, NULL, 'Tunjangan Jabatan', 'Pendapatan', 1000000.00),
(4300, 1257, NULL, 'Potongan Mangkir Kerja\r\n  (Alpa)', 'Potongan', 7500000.00),
(4301, 1258, NULL, 'Gaji Pokok Base', 'Pendapatan', 9000000.00),
(4302, 1258, NULL, 'Tunjangan Jabatan', 'Pendapatan', 300000.00),
(4303, 1258, NULL, 'Potongan Mangkir Kerja\r\n  (Alpa)', 'Potongan', 9000000.00),
(4304, 1259, NULL, 'Gaji Pokok Base', 'Pendapatan', 9000000.00),
(4305, 1259, NULL, 'Tunjangan Jabatan', 'Pendapatan', 300000.00),
(4306, 1259, NULL, 'Potongan Mangkir Kerja\r\n  (Alpa)', 'Potongan', 9000000.00),
(4307, 1260, NULL, 'Gaji Pokok Base', 'Pendapatan', 3500000.00),
(4308, 1260, NULL, 'Tunjangan Jabatan', 'Pendapatan', 100000.00),
(4309, 1260, NULL, 'Potongan Mangkir Kerja\r\n  (Alpa)', 'Potongan', 3500000.00),
(4310, 1261, NULL, 'Gaji Pokok Base', 'Pendapatan', 9000000.00),
(4311, 1261, NULL, 'Tunjangan Jabatan', 'Pendapatan', 300000.00),
(4312, 1261, NULL, 'Potongan Mangkir Kerja\r\n  (Alpa)', 'Potongan', 9000000.00),
(4313, 1262, NULL, 'Gaji Pokok Base', 'Pendapatan', 4000000.00),
(4314, 1262, NULL, 'Tunjangan Jabatan', 'Pendapatan', 200000.00),
(4315, 1262, NULL, 'Potongan Mangkir Kerja\r\n  (Alpa)', 'Potongan', 4000000.00),
(4316, 1263, NULL, 'Gaji Pokok Base', 'Pendapatan', 9000000.00),
(4317, 1263, NULL, 'Tunjangan Jabatan', 'Pendapatan', 300000.00),
(4318, 1263, NULL, 'Potongan Mangkir Kerja\r\n  (Alpa)', 'Potongan', 9000000.00),
(4319, 1264, NULL, 'Gaji Pokok Base', 'Pendapatan', 9000000.00),
(4320, 1264, NULL, 'Tunjangan Jabatan', 'Pendapatan', 300000.00),
(4321, 1264, NULL, 'Potongan Mangkir Kerja\r\n  (Alpa)', 'Potongan', 9000000.00),
(4322, 1265, NULL, 'Gaji Pokok Base', 'Pendapatan', 3500000.00),
(4323, 1265, NULL, 'Tunjangan Jabatan', 'Pendapatan', 100000.00),
(4324, 1265, NULL, 'Potongan Mangkir Kerja\r\n  (Alpa)', 'Potongan', 3500000.00),
(4325, 1266, NULL, 'Gaji Pokok Base', 'Pendapatan', 4000000.00),
(4326, 1266, NULL, 'Tunjangan Jabatan', 'Pendapatan', 200000.00),
(4327, 1266, NULL, 'Potongan Mangkir Kerja\r\n  (Alpa)', 'Potongan', 4000000.00),
(4328, 1267, NULL, 'Gaji Pokok Base', 'Pendapatan', 3500000.00),
(4329, 1267, NULL, 'Tunjangan Jabatan', 'Pendapatan', 100000.00),
(4330, 1267, NULL, 'Potongan Mangkir Kerja\r\n  (Alpa)', 'Potongan', 3500000.00),
(4331, 1268, NULL, 'Gaji Pokok Base', 'Pendapatan', 4000000.00),
(4332, 1268, NULL, 'Tunjangan Jabatan', 'Pendapatan', 200000.00),
(4333, 1268, NULL, 'Potongan Mangkir Kerja\r\n  (Alpa)', 'Potongan', 4000000.00),
(4334, 1269, NULL, 'Gaji Pokok Base', 'Pendapatan', 7500000.00),
(4335, 1269, NULL, 'Tunjangan Jabatan', 'Pendapatan', 1000000.00),
(4336, 1269, NULL, 'Potongan Mangkir Kerja\r\n  (Alpa)', 'Potongan', 7500000.00),
(4337, 1270, NULL, 'Gaji Pokok Base', 'Pendapatan', 4000000.00),
(4338, 1270, NULL, 'Tunjangan Jabatan', 'Pendapatan', 200000.00),
(4339, 1270, NULL, 'Potongan Mangkir Kerja\r\n  (Alpa)', 'Potongan', 4000000.00),
(4340, 1271, NULL, 'Gaji Pokok Base', 'Pendapatan', 9000000.00),
(4341, 1271, NULL, 'Tunjangan Jabatan', 'Pendapatan', 300000.00),
(4342, 1271, NULL, 'Potongan Mangkir Kerja\r\n  (Alpa)', 'Potongan', 9000000.00),
(4343, 1272, NULL, 'Gaji Pokok Base', 'Pendapatan', 3500000.00),
(4344, 1272, NULL, 'Tunjangan Jabatan', 'Pendapatan', 100000.00),
(4345, 1272, NULL, 'Potongan Mangkir Kerja\r\n  (Alpa)', 'Potongan', 3500000.00),
(4346, 1273, NULL, 'Gaji Pokok Base', 'Pendapatan', 3500000.00),
(4347, 1273, NULL, 'Tunjangan Jabatan', 'Pendapatan', 100000.00),
(4348, 1273, NULL, 'Potongan Mangkir Kerja\r\n  (Alpa)', 'Potongan', 3500000.00),
(4349, 1274, NULL, 'Gaji Pokok Base', 'Pendapatan', 3500000.00),
(4350, 1274, NULL, 'Tunjangan Jabatan', 'Pendapatan', 100000.00),
(4351, 1274, NULL, 'Potongan Mangkir Kerja\r\n  (Alpa)', 'Potongan', 3500000.00),
(4352, 1275, NULL, 'Gaji Pokok Base', 'Pendapatan', 3500000.00),
(4353, 1275, NULL, 'Tunjangan Jabatan', 'Pendapatan', 100000.00),
(4354, 1275, NULL, 'Potongan Mangkir Kerja\r\n  (Alpa)', 'Potongan', 3500000.00),
(4355, 1276, NULL, 'Gaji Pokok Base', 'Pendapatan', 9000000.00),
(4356, 1276, NULL, 'Tunjangan Jabatan', 'Pendapatan', 300000.00),
(4357, 1276, NULL, 'Potongan Mangkir Kerja\r\n  (Alpa)', 'Potongan', 9000000.00),
(4358, 1277, NULL, 'Gaji Pokok Base', 'Pendapatan', 7500000.00),
(4359, 1277, NULL, 'Tunjangan Jabatan', 'Pendapatan', 1000000.00),
(4360, 1277, NULL, 'Potongan Mangkir Kerja\r\n  (Alpa)', 'Potongan', 7500000.00),
(4361, 1278, NULL, 'Gaji Pokok Base', 'Pendapatan', 4000000.00),
(4362, 1278, NULL, 'Tunjangan Jabatan', 'Pendapatan', 200000.00),
(4363, 1278, NULL, 'Potongan Mangkir Kerja\r\n  (Alpa)', 'Potongan', 4000000.00),
(4364, 1279, NULL, 'Gaji Pokok Base', 'Pendapatan', 7500000.00),
(4365, 1279, NULL, 'Tunjangan Jabatan', 'Pendapatan', 1000000.00),
(4366, 1279, NULL, 'Potongan Mangkir Kerja\r\n  (Alpa)', 'Potongan', 7500000.00),
(4367, 1280, NULL, 'Gaji Pokok Base', 'Pendapatan', 9000000.00),
(4368, 1280, NULL, 'Tunjangan Jabatan', 'Pendapatan', 300000.00),
(4369, 1280, NULL, 'Potongan Mangkir Kerja\r\n  (Alpa)', 'Potongan', 9000000.00),
(4370, 1281, NULL, 'Gaji Pokok Base', 'Pendapatan', 9000000.00),
(4371, 1281, NULL, 'Tunjangan Jabatan', 'Pendapatan', 300000.00),
(4372, 1281, NULL, 'Potongan Mangkir Kerja\r\n  (Alpa)', 'Potongan', 9000000.00),
(4373, 1282, NULL, 'Gaji Pokok Base', 'Pendapatan', 4000000.00),
(4374, 1282, NULL, 'Tunjangan Jabatan', 'Pendapatan', 200000.00),
(4375, 1282, NULL, 'Potongan Mangkir Kerja\r\n  (Alpa)', 'Potongan', 4000000.00),
(4376, 1283, NULL, 'Gaji Pokok Base', 'Pendapatan', 9000000.00),
(4377, 1283, NULL, 'Tunjangan Jabatan', 'Pendapatan', 300000.00),
(4378, 1283, NULL, 'Potongan Mangkir Kerja\r\n  (Alpa)', 'Potongan', 9000000.00),
(4379, 1284, NULL, 'Gaji Pokok Base', 'Pendapatan', 3500000.00),
(4380, 1284, NULL, 'Tunjangan Jabatan', 'Pendapatan', 100000.00),
(4381, 1284, NULL, 'Potongan Mangkir Kerja\r\n  (Alpa)', 'Potongan', 3500000.00),
(4382, 1285, NULL, 'Gaji Pokok Base', 'Pendapatan', 9000000.00),
(4383, 1285, NULL, 'Tunjangan Jabatan', 'Pendapatan', 300000.00),
(4384, 1285, NULL, 'Potongan Mangkir Kerja\r\n  (Alpa)', 'Potongan', 9000000.00),
(4385, 1286, NULL, 'Gaji Pokok Base', 'Pendapatan', 3500000.00),
(4386, 1286, NULL, 'Tunjangan Jabatan', 'Pendapatan', 100000.00),
(4387, 1286, NULL, 'Potongan Mangkir Kerja\r\n  (Alpa)', 'Potongan', 3500000.00),
(4388, 1287, NULL, 'Gaji Pokok Base', 'Pendapatan', 7500000.00),
(4389, 1287, NULL, 'Tunjangan Jabatan', 'Pendapatan', 1000000.00),
(4390, 1287, NULL, 'Potongan Mangkir Kerja\r\n  (Alpa)', 'Potongan', 7500000.00),
(4391, 1288, NULL, 'Gaji Pokok Base', 'Pendapatan', 4000000.00),
(4392, 1288, NULL, 'Tunjangan Jabatan', 'Pendapatan', 200000.00),
(4393, 1288, NULL, 'Potongan Mangkir Kerja\r\n  (Alpa)', 'Potongan', 4000000.00),
(4394, 1289, NULL, 'Gaji Pokok Base', 'Pendapatan', 7500000.00),
(4395, 1289, NULL, 'Tunjangan Jabatan', 'Pendapatan', 1000000.00),
(4396, 1289, NULL, 'Potongan Mangkir Kerja\r\n  (Alpa)', 'Potongan', 7500000.00),
(4397, 1290, NULL, 'Gaji Pokok Base', 'Pendapatan', 9000000.00),
(4398, 1290, NULL, 'Tunjangan Jabatan', 'Pendapatan', 300000.00),
(4399, 1290, NULL, 'Potongan Mangkir Kerja\r\n  (Alpa)', 'Potongan', 9000000.00),
(4400, 1291, NULL, 'Gaji Pokok Base', 'Pendapatan', 3500000.00),
(4401, 1291, NULL, 'Tunjangan Jabatan', 'Pendapatan', 100000.00),
(4402, 1291, NULL, 'Potongan Mangkir Kerja\r\n  (Alpa)', 'Potongan', 3500000.00),
(4403, 1292, NULL, 'Gaji Pokok Base', 'Pendapatan', 3500000.00),
(4404, 1292, NULL, 'Tunjangan Jabatan', 'Pendapatan', 100000.00),
(4405, 1292, NULL, 'Potongan Mangkir Kerja\r\n  (Alpa)', 'Potongan', 3500000.00),
(4406, 1293, NULL, 'Gaji Pokok Base', 'Pendapatan', 3500000.00),
(4407, 1293, NULL, 'Tunjangan Jabatan', 'Pendapatan', 100000.00),
(4408, 1293, NULL, 'Potongan Mangkir Kerja\r\n  (Alpa)', 'Potongan', 3500000.00),
(4409, 1294, NULL, 'Gaji Pokok Base', 'Pendapatan', 3500000.00),
(4410, 1294, NULL, 'Tunjangan Jabatan', 'Pendapatan', 100000.00),
(4411, 1294, NULL, 'Potongan Mangkir Kerja\r\n  (Alpa)', 'Potongan', 3500000.00),
(4412, 1295, NULL, 'Gaji Pokok Base', 'Pendapatan', 7500000.00),
(4413, 1295, NULL, 'Tunjangan Jabatan', 'Pendapatan', 1000000.00),
(4414, 1295, NULL, 'Potongan Mangkir Kerja\r\n  (Alpa)', 'Potongan', 7500000.00),
(4415, 1296, NULL, 'Gaji Pokok Base', 'Pendapatan', 3500000.00),
(4416, 1296, NULL, 'Tunjangan Jabatan', 'Pendapatan', 100000.00),
(4417, 1296, NULL, 'Potongan Mangkir Kerja\r\n  (Alpa)', 'Potongan', 3500000.00),
(4418, 1297, NULL, 'Gaji Pokok Base', 'Pendapatan', 4000000.00),
(4419, 1297, NULL, 'Tunjangan Jabatan', 'Pendapatan', 200000.00),
(4420, 1297, NULL, 'Potongan Mangkir Kerja\r\n  (Alpa)', 'Potongan', 4000000.00),
(4421, 1298, NULL, 'Gaji Pokok Base', 'Pendapatan', 9000000.00),
(4422, 1298, NULL, 'Tunjangan Jabatan', 'Pendapatan', 300000.00),
(4423, 1298, NULL, 'Potongan Mangkir Kerja\r\n  (Alpa)', 'Potongan', 9000000.00),
(4424, 1299, NULL, 'Gaji Pokok Base', 'Pendapatan', 3500000.00),
(4425, 1299, NULL, 'Tunjangan Jabatan', 'Pendapatan', 100000.00),
(4426, 1299, NULL, 'Potongan Mangkir Kerja\r\n  (Alpa)', 'Potongan', 3500000.00),
(4427, 1300, NULL, 'Gaji Pokok Base', 'Pendapatan', 3500000.00),
(4428, 1300, NULL, 'Tunjangan Jabatan', 'Pendapatan', 100000.00),
(4429, 1300, NULL, 'Potongan Mangkir Kerja\r\n  (Alpa)', 'Potongan', 3500000.00),
(4622, 1351, NULL, 'Gaji Pokok Base', 'Pendapatan', 10000000.00),
(4623, 1351, NULL, 'Tunjangan Jabatan', 'Pendapatan', 2500000.00),
(4624, 1351, NULL, 'Uang Lembur Aktif', 'Pendapatan', 3432080.93),
(4625, 1351, NULL, 'Potongan Mangkir Kerja\r\n  (Alpa)', 'Potongan', 7272727.27),
(4626, 1351, NULL, 'Denda Keterlambatan\r\n  (Kelipatan 10m)', 'Potongan', 30000.00),
(4627, 1352, NULL, 'Gaji Pokok Base', 'Pendapatan', 10000000.00),
(4628, 1352, NULL, 'Tunjangan Jabatan', 'Pendapatan', 2500000.00),
(4629, 1352, NULL, 'Potongan Mangkir Kerja\r\n  (Alpa)', 'Potongan', 7272727.27),
(4630, 1353, NULL, 'Gaji Pokok Base', 'Pendapatan', 3500000.00),
(4631, 1353, NULL, 'Tunjangan Jabatan', 'Pendapatan', 100000.00),
(4632, 1353, NULL, 'Potongan Mangkir Kerja\r\n  (Alpa)', 'Potongan', 2704545.45),
(4633, 1353, NULL, 'Denda Keterlambatan\r\n  (Kelipatan 10m)', 'Potongan', 40000.00),
(4634, 1354, NULL, 'Gaji Pokok Base', 'Pendapatan', 9000000.00),
(4635, 1354, NULL, 'Tunjangan Jabatan', 'Pendapatan', 300000.00),
(4636, 1354, NULL, 'Potongan Mangkir Kerja\r\n  (Alpa)', 'Potongan', 5727272.73),
(4637, 1355, NULL, 'Gaji Pokok Base', 'Pendapatan', 9000000.00),
(4638, 1355, NULL, 'Tunjangan Jabatan', 'Pendapatan', 300000.00),
(4639, 1355, NULL, 'Potongan Mangkir Kerja\r\n  (Alpa)', 'Potongan', 6545454.55),
(4640, 1355, NULL, 'Denda Keterlambatan\r\n  (Kelipatan 10m)', 'Potongan', 130000.00),
(4641, 1356, NULL, 'Gaji Pokok Base', 'Pendapatan', 3500000.00),
(4642, 1356, NULL, 'Tunjangan Jabatan', 'Pendapatan', 100000.00),
(4643, 1356, NULL, 'Potongan Mangkir Kerja\r\n  (Alpa)', 'Potongan', 2704545.45),
(4644, 1356, NULL, 'Denda Keterlambatan\r\n  (Kelipatan 10m)', 'Potongan', 110000.00),
(4645, 1357, NULL, 'Gaji Pokok Base', 'Pendapatan', 7500000.00),
(4646, 1357, NULL, 'Tunjangan Jabatan', 'Pendapatan', 1000000.00),
(4647, 1357, NULL, 'Potongan Mangkir Kerja\r\n  (Alpa)', 'Potongan', 4772727.27),
(4648, 1357, NULL, 'Denda Keterlambatan\r\n  (Kelipatan 10m)', 'Potongan', 160000.00),
(4649, 1358, NULL, 'Gaji Pokok Base', 'Pendapatan', 9000000.00),
(4650, 1358, NULL, 'Tunjangan Jabatan', 'Pendapatan', 300000.00),
(4651, 1358, NULL, 'Potongan Mangkir Kerja\r\n  (Alpa)', 'Potongan', 5727272.73),
(4652, 1358, NULL, 'Denda Keterlambatan\r\n  (Kelipatan 10m)', 'Potongan', 50000.00),
(4653, 1359, NULL, 'Gaji Pokok Base', 'Pendapatan', 9000000.00),
(4654, 1359, NULL, 'Tunjangan Jabatan', 'Pendapatan', 300000.00),
(4655, 1359, NULL, 'Potongan Mangkir Kerja\r\n  (Alpa)', 'Potongan', 6545454.55),
(4656, 1359, NULL, 'Denda Keterlambatan\r\n  (Kelipatan 10m)', 'Potongan', 60000.00),
(4657, 1360, NULL, 'Gaji Pokok Base', 'Pendapatan', 3500000.00),
(4658, 1360, NULL, 'Tunjangan Jabatan', 'Pendapatan', 100000.00),
(4659, 1360, NULL, 'Potongan Mangkir Kerja\r\n  (Alpa)', 'Potongan', 2545454.55),
(4660, 1360, NULL, 'Denda Keterlambatan\r\n  (Kelipatan 10m)', 'Potongan', 80000.00),
(4661, 1361, NULL, 'Gaji Pokok Base', 'Pendapatan', 9000000.00),
(4662, 1361, NULL, 'Tunjangan Jabatan', 'Pendapatan', 300000.00),
(4663, 1361, NULL, 'Potongan Mangkir Kerja\r\n  (Alpa)', 'Potongan', 6136363.64),
(4664, 1361, NULL, 'Denda Keterlambatan\r\n  (Kelipatan 10m)', 'Potongan', 60000.00),
(4665, 1362, NULL, 'Gaji Pokok Base', 'Pendapatan', 4000000.00),
(4666, 1362, NULL, 'Tunjangan Jabatan', 'Pendapatan', 200000.00),
(4667, 1362, NULL, 'Potongan Mangkir Kerja\r\n  (Alpa)', 'Potongan', 2727272.73),
(4668, 1362, NULL, 'Denda Keterlambatan\r\n  (Kelipatan 10m)', 'Potongan', 40000.00),
(4669, 1363, NULL, 'Gaji Pokok Base', 'Pendapatan', 9000000.00),
(4670, 1363, NULL, 'Tunjangan Jabatan', 'Pendapatan', 300000.00),
(4671, 1363, NULL, 'Potongan Mangkir Kerja\r\n  (Alpa)', 'Potongan', 5727272.73),
(4672, 1364, NULL, 'Gaji Pokok Base', 'Pendapatan', 9000000.00),
(4673, 1364, NULL, 'Tunjangan Jabatan', 'Pendapatan', 300000.00),
(4674, 1364, NULL, 'Potongan Mangkir Kerja\r\n  (Alpa)', 'Potongan', 6136363.64),
(4675, 1364, NULL, 'Denda Keterlambatan\r\n  (Kelipatan 10m)', 'Potongan', 70000.00),
(4676, 1365, NULL, 'Gaji Pokok Base', 'Pendapatan', 3500000.00),
(4677, 1365, NULL, 'Tunjangan Jabatan', 'Pendapatan', 100000.00),
(4678, 1365, NULL, 'Potongan Mangkir Kerja\r\n  (Alpa)', 'Potongan', 2545454.55),
(4679, 1365, NULL, 'Denda Keterlambatan\r\n  (Kelipatan 10m)', 'Potongan', 190000.00),
(4680, 1366, NULL, 'Gaji Pokok Base', 'Pendapatan', 4000000.00),
(4681, 1366, NULL, 'Tunjangan Jabatan', 'Pendapatan', 200000.00),
(4682, 1366, NULL, 'Potongan Mangkir Kerja\r\n  (Alpa)', 'Potongan', 2545454.55),
(4683, 1366, NULL, 'Denda Keterlambatan\r\n  (Kelipatan 10m)', 'Potongan', 150000.00),
(4684, 1367, NULL, 'Gaji Pokok Base', 'Pendapatan', 3500000.00),
(4685, 1367, NULL, 'Tunjangan Jabatan', 'Pendapatan', 100000.00),
(4686, 1367, NULL, 'Potongan Mangkir Kerja\r\n  (Alpa)', 'Potongan', 2386363.64),
(4687, 1367, NULL, 'Denda Keterlambatan\r\n  (Kelipatan 10m)', 'Potongan', 130000.00),
(4688, 1368, NULL, 'Gaji Pokok Base', 'Pendapatan', 4000000.00),
(4689, 1368, NULL, 'Tunjangan Jabatan', 'Pendapatan', 200000.00),
(4690, 1368, NULL, 'Potongan Mangkir Kerja\r\n  (Alpa)', 'Potongan', 2909090.91),
(4691, 1369, NULL, 'Gaji Pokok Base', 'Pendapatan', 7500000.00),
(4692, 1369, NULL, 'Tunjangan Jabatan', 'Pendapatan', 1000000.00),
(4693, 1369, NULL, 'Potongan Mangkir Kerja\r\n  (Alpa)', 'Potongan', 4772727.27),
(4694, 1370, NULL, 'Gaji Pokok Base', 'Pendapatan', 4000000.00),
(4695, 1370, NULL, 'Tunjangan Jabatan', 'Pendapatan', 200000.00),
(4696, 1370, NULL, 'Potongan Mangkir Kerja\r\n  (Alpa)', 'Potongan', 2727272.73),
(4697, 1370, NULL, 'Denda Keterlambatan\r\n  (Kelipatan 10m)', 'Potongan', 30000.00),
(4698, 1371, NULL, 'Gaji Pokok Base', 'Pendapatan', 9000000.00),
(4699, 1371, NULL, 'Tunjangan Jabatan', 'Pendapatan', 300000.00),
(4700, 1371, NULL, 'Potongan Mangkir Kerja\r\n  (Alpa)', 'Potongan', 6545454.55),
(4701, 1371, NULL, 'Denda Keterlambatan\r\n  (Kelipatan 10m)', 'Potongan', 160000.00),
(4702, 1372, NULL, 'Gaji Pokok Base', 'Pendapatan', 3500000.00),
(4703, 1372, NULL, 'Tunjangan Jabatan', 'Pendapatan', 100000.00),
(4704, 1372, NULL, 'Potongan Mangkir Kerja\r\n  (Alpa)', 'Potongan', 2545454.55),
(4705, 1372, NULL, 'Denda Keterlambatan\r\n  (Kelipatan 10m)', 'Potongan', 90000.00),
(4706, 1373, NULL, 'Gaji Pokok Base', 'Pendapatan', 3500000.00),
(4707, 1373, NULL, 'Tunjangan Jabatan', 'Pendapatan', 100000.00),
(4708, 1373, NULL, 'Potongan Mangkir Kerja\r\n  (Alpa)', 'Potongan', 2704545.45),
(4709, 1373, NULL, 'Denda Keterlambatan\r\n  (Kelipatan 10m)', 'Potongan', 70000.00),
(4710, 1374, NULL, 'Gaji Pokok Base', 'Pendapatan', 3500000.00),
(4711, 1374, NULL, 'Tunjangan Jabatan', 'Pendapatan', 100000.00),
(4712, 1374, NULL, 'Potongan Mangkir Kerja\r\n  (Alpa)', 'Potongan', 2386363.64),
(4713, 1374, NULL, 'Denda Keterlambatan\r\n  (Kelipatan 10m)', 'Potongan', 40000.00),
(4714, 1375, NULL, 'Gaji Pokok Base', 'Pendapatan', 3500000.00),
(4715, 1375, NULL, 'Tunjangan Jabatan', 'Pendapatan', 100000.00),
(4716, 1375, NULL, 'Potongan Mangkir Kerja\r\n  (Alpa)', 'Potongan', 2386363.64),
(4717, 1375, NULL, 'Denda Keterlambatan\r\n  (Kelipatan 10m)', 'Potongan', 90000.00),
(4718, 1376, NULL, 'Gaji Pokok Base', 'Pendapatan', 9000000.00),
(4719, 1376, NULL, 'Tunjangan Jabatan', 'Pendapatan', 300000.00),
(4720, 1376, NULL, 'Uang Lembur Aktif', 'Pendapatan', 188150.29),
(4721, 1376, NULL, 'Potongan Mangkir Kerja\r\n  (Alpa)', 'Potongan', 6136363.64),
(4722, 1376, NULL, 'Denda Keterlambatan\r\n  (Kelipatan 10m)', 'Potongan', 50000.00),
(4723, 1377, NULL, 'Gaji Pokok Base', 'Pendapatan', 7500000.00),
(4724, 1377, NULL, 'Tunjangan Jabatan', 'Pendapatan', 1000000.00),
(4725, 1377, NULL, 'Potongan Mangkir Kerja\r\n  (Alpa)', 'Potongan', 5113636.36),
(4726, 1377, NULL, 'Denda Keterlambatan\r\n  (Kelipatan 10m)', 'Potongan', 50000.00),
(4727, 1378, NULL, 'Gaji Pokok Base', 'Pendapatan', 4000000.00),
(4728, 1378, NULL, 'Tunjangan Jabatan', 'Pendapatan', 200000.00),
(4729, 1378, NULL, 'Potongan Mangkir Kerja\r\n  (Alpa)', 'Potongan', 2909090.91),
(4730, 1379, NULL, 'Gaji Pokok Base', 'Pendapatan', 7500000.00),
(4731, 1379, NULL, 'Tunjangan Jabatan', 'Pendapatan', 1000000.00),
(4732, 1379, NULL, 'Potongan Mangkir Kerja\r\n  (Alpa)', 'Potongan', 5113636.36),
(4733, 1380, NULL, 'Gaji Pokok Base', 'Pendapatan', 9000000.00),
(4734, 1380, NULL, 'Tunjangan Jabatan', 'Pendapatan', 300000.00),
(4735, 1380, NULL, 'Potongan Mangkir Kerja\r\n  (Alpa)', 'Potongan', 7363636.36),
(4736, 1380, NULL, 'Denda Keterlambatan\r\n  (Kelipatan 10m)', 'Potongan', 80000.00),
(4737, 1381, NULL, 'Gaji Pokok Base', 'Pendapatan', 9000000.00),
(4738, 1381, NULL, 'Tunjangan Jabatan', 'Pendapatan', 300000.00),
(4739, 1381, NULL, 'Potongan Mangkir Kerja\r\n  (Alpa)', 'Potongan', 6545454.55),
(4740, 1382, NULL, 'Gaji Pokok Base', 'Pendapatan', 4000000.00),
(4741, 1382, NULL, 'Tunjangan Jabatan', 'Pendapatan', 200000.00),
(4742, 1382, NULL, 'Potongan Mangkir Kerja\r\n  (Alpa)', 'Potongan', 3090909.09),
(4743, 1382, NULL, 'Denda Keterlambatan\r\n  (Kelipatan 10m)', 'Potongan', 50000.00),
(4744, 1383, NULL, 'Gaji Pokok Base', 'Pendapatan', 9000000.00),
(4745, 1383, NULL, 'Tunjangan Jabatan', 'Pendapatan', 300000.00),
(4746, 1383, NULL, 'Potongan Mangkir Kerja\r\n  (Alpa)', 'Potongan', 6136363.64),
(4747, 1383, NULL, 'Denda Keterlambatan\r\n  (Kelipatan 10m)', 'Potongan', 10000.00),
(4748, 1384, NULL, 'Gaji Pokok Base', 'Pendapatan', 3500000.00),
(4749, 1384, NULL, 'Tunjangan Jabatan', 'Pendapatan', 100000.00),
(4750, 1384, NULL, 'Potongan Mangkir Kerja\r\n  (Alpa)', 'Potongan', 2545454.55),
(4751, 1384, NULL, 'Denda Keterlambatan\r\n  (Kelipatan 10m)', 'Potongan', 50000.00),
(4752, 1385, NULL, 'Gaji Pokok Base', 'Pendapatan', 9000000.00),
(4753, 1385, NULL, 'Tunjangan Jabatan', 'Pendapatan', 300000.00),
(4754, 1385, NULL, 'Potongan Mangkir Kerja\r\n  (Alpa)', 'Potongan', 6954545.45),
(4755, 1386, NULL, 'Gaji Pokok Base', 'Pendapatan', 3500000.00),
(4756, 1386, NULL, 'Tunjangan Jabatan', 'Pendapatan', 100000.00),
(4757, 1386, NULL, 'Potongan Mangkir Kerja\r\n  (Alpa)', 'Potongan', 2227272.73),
(4758, 1386, NULL, 'Denda Keterlambatan\r\n  (Kelipatan 10m)', 'Potongan', 80000.00),
(4759, 1387, NULL, 'Gaji Pokok Base', 'Pendapatan', 7500000.00),
(4760, 1387, NULL, 'Tunjangan Jabatan', 'Pendapatan', 1000000.00),
(4761, 1387, NULL, 'Potongan Mangkir Kerja\r\n  (Alpa)', 'Potongan', 5113636.36),
(4762, 1387, NULL, 'Denda Keterlambatan\r\n  (Kelipatan 10m)', 'Potongan', 10000.00),
(4763, 1388, NULL, 'Gaji Pokok Base', 'Pendapatan', 4000000.00),
(4764, 1388, NULL, 'Tunjangan Jabatan', 'Pendapatan', 200000.00),
(4765, 1388, NULL, 'Potongan Mangkir Kerja\r\n  (Alpa)', 'Potongan', 2727272.73),
(4766, 1388, NULL, 'Denda Keterlambatan\r\n  (Kelipatan 10m)', 'Potongan', 160000.00),
(4767, 1389, NULL, 'Gaji Pokok Base', 'Pendapatan', 7500000.00),
(4768, 1389, NULL, 'Tunjangan Jabatan', 'Pendapatan', 1000000.00),
(4769, 1389, NULL, 'Potongan Mangkir Kerja\r\n  (Alpa)', 'Potongan', 5113636.36),
(4770, 1389, NULL, 'Denda Keterlambatan\r\n  (Kelipatan 10m)', 'Potongan', 20000.00),
(4771, 1390, NULL, 'Gaji Pokok Base', 'Pendapatan', 9000000.00),
(4772, 1390, NULL, 'Tunjangan Jabatan', 'Pendapatan', 300000.00),
(4773, 1390, NULL, 'Potongan Mangkir Kerja\r\n  (Alpa)', 'Potongan', 6136363.64),
(4774, 1390, NULL, 'Denda Keterlambatan\r\n  (Kelipatan 10m)', 'Potongan', 120000.00),
(4775, 1391, NULL, 'Gaji Pokok Base', 'Pendapatan', 3500000.00),
(4776, 1391, NULL, 'Tunjangan Jabatan', 'Pendapatan', 100000.00),
(4777, 1391, NULL, 'Potongan Mangkir Kerja\r\n  (Alpa)', 'Potongan', 2545454.55),
(4778, 1391, NULL, 'Denda Keterlambatan\r\n  (Kelipatan 10m)', 'Potongan', 80000.00),
(4779, 1392, NULL, 'Gaji Pokok Base', 'Pendapatan', 3500000.00),
(4780, 1392, NULL, 'Tunjangan Jabatan', 'Pendapatan', 100000.00),
(4781, 1392, NULL, 'Potongan Mangkir Kerja\r\n  (Alpa)', 'Potongan', 2227272.73),
(4782, 1392, NULL, 'Denda Keterlambatan\r\n  (Kelipatan 10m)', 'Potongan', 20000.00),
(4783, 1393, NULL, 'Gaji Pokok Base', 'Pendapatan', 3500000.00),
(4784, 1393, NULL, 'Tunjangan Jabatan', 'Pendapatan', 100000.00),
(4785, 1393, NULL, 'Potongan Mangkir Kerja\r\n  (Alpa)', 'Potongan', 2227272.73),
(4786, 1393, NULL, 'Denda Keterlambatan\r\n  (Kelipatan 10m)', 'Potongan', 140000.00),
(4787, 1394, NULL, 'Gaji Pokok Base', 'Pendapatan', 3500000.00),
(4788, 1394, NULL, 'Tunjangan Jabatan', 'Pendapatan', 100000.00),
(4789, 1394, NULL, 'Potongan Mangkir Kerja\r\n  (Alpa)', 'Potongan', 2386363.64),
(4790, 1394, NULL, 'Denda Keterlambatan\r\n  (Kelipatan 10m)', 'Potongan', 120000.00),
(4791, 1395, NULL, 'Gaji Pokok Base', 'Pendapatan', 7500000.00),
(4792, 1395, NULL, 'Tunjangan Jabatan', 'Pendapatan', 1000000.00),
(4793, 1395, NULL, 'Potongan Mangkir Kerja\r\n  (Alpa)', 'Potongan', 5795454.55),
(4794, 1396, NULL, 'Gaji Pokok Base', 'Pendapatan', 3500000.00),
(4795, 1396, NULL, 'Tunjangan Jabatan', 'Pendapatan', 100000.00),
(4796, 1396, NULL, 'Potongan Mangkir Kerja\r\n  (Alpa)', 'Potongan', 2386363.64),
(4797, 1396, NULL, 'Denda Keterlambatan\r\n  (Kelipatan 10m)', 'Potongan', 100000.00),
(4798, 1397, NULL, 'Gaji Pokok Base', 'Pendapatan', 4000000.00),
(4799, 1397, NULL, 'Tunjangan Jabatan', 'Pendapatan', 200000.00),
(4800, 1397, NULL, 'Potongan Mangkir Kerja\r\n  (Alpa)', 'Potongan', 2727272.73),
(4801, 1397, NULL, 'Denda Keterlambatan\r\n  (Kelipatan 10m)', 'Potongan', 30000.00),
(4802, 1398, NULL, 'Gaji Pokok Base', 'Pendapatan', 9000000.00),
(4803, 1398, NULL, 'Tunjangan Jabatan', 'Pendapatan', 300000.00),
(4804, 1398, NULL, 'Potongan Mangkir Kerja\r\n  (Alpa)', 'Potongan', 6136363.64),
(4805, 1398, NULL, 'Denda Keterlambatan\r\n  (Kelipatan 10m)', 'Potongan', 90000.00),
(4806, 1399, NULL, 'Gaji Pokok Base', 'Pendapatan', 3500000.00),
(4807, 1399, NULL, 'Tunjangan Jabatan', 'Pendapatan', 100000.00),
(4808, 1399, NULL, 'Potongan Mangkir Kerja\r\n  (Alpa)', 'Potongan', 2227272.73),
(4809, 1399, NULL, 'Denda Keterlambatan\r\n  (Kelipatan 10m)', 'Potongan', 90000.00),
(4810, 1400, NULL, 'Gaji Pokok Base', 'Pendapatan', 3500000.00),
(4811, 1400, NULL, 'Tunjangan Jabatan', 'Pendapatan', 100000.00),
(4812, 1400, NULL, 'Potongan Mangkir Kerja\r\n  (Alpa)', 'Potongan', 2704545.45),
(4813, 1400, NULL, 'Denda Keterlambatan\r\n  (Kelipatan 10m)', 'Potongan', 70000.00);

-- --------------------------------------------------------

--
-- Table structure for table `slip_gaji_h`
--

CREATE TABLE `slip_gaji_h` (
  `id_slip_h` int NOT NULL,
  `id_karyawan` int NOT NULL,
  `bulan` int NOT NULL,
  `tahun` int NOT NULL,
  `total_pendapatan` decimal(18,2) NOT NULL DEFAULT '0.00',
  `total_potongan` decimal(18,2) NOT NULL DEFAULT '0.00',
  `gaji_bersih` decimal(18,2) NOT NULL,
  `status_bayar` varchar(20) NOT NULL DEFAULT 'Belum Dibayar',
  `tanggal_generate` datetime NOT NULL,
  `tanggal_dibayar` datetime DEFAULT NULL
) ENGINE=InnoDB DEFAULT CHARSET=utf8mb4 COLLATE=utf8mb4_0900_ai_ci;

--
-- Dumping data for table `slip_gaji_h`
--

INSERT INTO `slip_gaji_h` (`id_slip_h`, `id_karyawan`, `bulan`, `tahun`, `total_pendapatan`, `total_potongan`, `gaji_bersih`, `status_bayar`, `tanggal_generate`, `tanggal_dibayar`) VALUES
(1251, 1, 5, 2026, 12752890.17, 1568461.54, 11184428.63, 'Belum Dibayar', '2026-06-14 10:27:41', NULL),
(1252, 2, 5, 2026, 12500000.00, 10000000.00, 2500000.00, 'Belum Dibayar', '2026-06-14 10:27:41', NULL),
(1253, 3, 5, 2026, 3600000.00, 3500000.00, 100000.00, 'Belum Dibayar', '2026-06-14 10:27:41', NULL),
(1254, 4, 5, 2026, 9300000.00, 9000000.00, 300000.00, 'Belum Dibayar', '2026-06-14 10:27:41', NULL),
(1255, 5, 5, 2026, 9300000.00, 9000000.00, 300000.00, 'Belum Dibayar', '2026-06-14 10:27:41', NULL),
(1256, 6, 5, 2026, 3600000.00, 3500000.00, 100000.00, 'Belum Dibayar', '2026-06-14 10:27:41', NULL),
(1257, 7, 5, 2026, 8500000.00, 7500000.00, 1000000.00, 'Belum Dibayar', '2026-06-14 10:27:41', NULL),
(1258, 8, 5, 2026, 9300000.00, 9000000.00, 300000.00, 'Belum Dibayar', '2026-06-14 10:27:41', NULL),
(1259, 9, 5, 2026, 9300000.00, 9000000.00, 300000.00, 'Belum Dibayar', '2026-06-14 10:27:41', NULL),
(1260, 10, 5, 2026, 3600000.00, 3500000.00, 100000.00, 'Belum Dibayar', '2026-06-14 10:27:41', NULL),
(1261, 11, 5, 2026, 9300000.00, 9000000.00, 300000.00, 'Belum Dibayar', '2026-06-14 10:27:41', NULL),
(1262, 12, 5, 2026, 4200000.00, 4000000.00, 200000.00, 'Belum Dibayar', '2026-06-14 10:27:41', NULL),
(1263, 13, 5, 2026, 9300000.00, 9000000.00, 300000.00, 'Belum Dibayar', '2026-06-14 10:27:41', NULL),
(1264, 14, 5, 2026, 9300000.00, 9000000.00, 300000.00, 'Belum Dibayar', '2026-06-14 10:27:41', NULL),
(1265, 15, 5, 2026, 3600000.00, 3500000.00, 100000.00, 'Belum Dibayar', '2026-06-14 10:27:41', NULL),
(1266, 16, 5, 2026, 4200000.00, 4000000.00, 200000.00, 'Belum Dibayar', '2026-06-14 10:27:41', NULL),
(1267, 17, 5, 2026, 3600000.00, 3500000.00, 100000.00, 'Belum Dibayar', '2026-06-14 10:27:41', NULL),
(1268, 18, 5, 2026, 4200000.00, 4000000.00, 200000.00, 'Belum Dibayar', '2026-06-14 10:27:41', NULL),
(1269, 19, 5, 2026, 8500000.00, 7500000.00, 1000000.00, 'Belum Dibayar', '2026-06-14 10:27:41', NULL),
(1270, 20, 5, 2026, 4200000.00, 4000000.00, 200000.00, 'Belum Dibayar', '2026-06-14 10:27:41', NULL),
(1271, 21, 5, 2026, 9300000.00, 9000000.00, 300000.00, 'Belum Dibayar', '2026-06-14 10:27:41', NULL),
(1272, 22, 5, 2026, 3600000.00, 3500000.00, 100000.00, 'Belum Dibayar', '2026-06-14 10:27:41', NULL),
(1273, 23, 5, 2026, 3600000.00, 3500000.00, 100000.00, 'Belum Dibayar', '2026-06-14 10:27:41', NULL),
(1274, 24, 5, 2026, 3600000.00, 3500000.00, 100000.00, 'Belum Dibayar', '2026-06-14 10:27:41', NULL),
(1275, 25, 5, 2026, 3600000.00, 3500000.00, 100000.00, 'Belum Dibayar', '2026-06-14 10:27:41', NULL),
(1276, 26, 5, 2026, 9300000.00, 9000000.00, 300000.00, 'Belum Dibayar', '2026-06-14 10:27:41', NULL),
(1277, 27, 5, 2026, 8500000.00, 7500000.00, 1000000.00, 'Belum Dibayar', '2026-06-14 10:27:41', NULL),
(1278, 28, 5, 2026, 4200000.00, 4000000.00, 200000.00, 'Belum Dibayar', '2026-06-14 10:27:41', NULL),
(1279, 29, 5, 2026, 8500000.00, 7500000.00, 1000000.00, 'Belum Dibayar', '2026-06-14 10:27:41', NULL),
(1280, 30, 5, 2026, 9300000.00, 9000000.00, 300000.00, 'Belum Dibayar', '2026-06-14 10:27:41', NULL),
(1281, 31, 5, 2026, 9300000.00, 9000000.00, 300000.00, 'Belum Dibayar', '2026-06-14 10:27:41', NULL),
(1282, 32, 5, 2026, 4200000.00, 4000000.00, 200000.00, 'Belum Dibayar', '2026-06-14 10:27:41', NULL),
(1283, 33, 5, 2026, 9300000.00, 9000000.00, 300000.00, 'Belum Dibayar', '2026-06-14 10:27:42', NULL),
(1284, 34, 5, 2026, 3600000.00, 3500000.00, 100000.00, 'Belum Dibayar', '2026-06-14 10:27:42', NULL),
(1285, 35, 5, 2026, 9300000.00, 9000000.00, 300000.00, 'Belum Dibayar', '2026-06-14 10:27:42', NULL),
(1286, 36, 5, 2026, 3600000.00, 3500000.00, 100000.00, 'Belum Dibayar', '2026-06-14 10:27:42', NULL),
(1287, 37, 5, 2026, 8500000.00, 7500000.00, 1000000.00, 'Belum Dibayar', '2026-06-14 10:27:42', NULL),
(1288, 38, 5, 2026, 4200000.00, 4000000.00, 200000.00, 'Belum Dibayar', '2026-06-14 10:27:42', NULL),
(1289, 39, 5, 2026, 8500000.00, 7500000.00, 1000000.00, 'Belum Dibayar', '2026-06-14 10:27:42', NULL),
(1290, 40, 5, 2026, 9300000.00, 9000000.00, 300000.00, 'Belum Dibayar', '2026-06-14 10:27:42', NULL),
(1291, 41, 5, 2026, 3600000.00, 3500000.00, 100000.00, 'Belum Dibayar', '2026-06-14 10:27:42', NULL),
(1292, 42, 5, 2026, 3600000.00, 3500000.00, 100000.00, 'Belum Dibayar', '2026-06-14 10:27:42', NULL),
(1293, 43, 5, 2026, 3600000.00, 3500000.00, 100000.00, 'Belum Dibayar', '2026-06-14 10:27:42', NULL),
(1294, 44, 5, 2026, 3600000.00, 3500000.00, 100000.00, 'Belum Dibayar', '2026-06-14 10:27:42', NULL),
(1295, 45, 5, 2026, 8500000.00, 7500000.00, 1000000.00, 'Belum Dibayar', '2026-06-14 10:27:42', NULL),
(1296, 46, 5, 2026, 3600000.00, 3500000.00, 100000.00, 'Belum Dibayar', '2026-06-14 10:27:42', NULL),
(1297, 47, 5, 2026, 4200000.00, 4000000.00, 200000.00, 'Belum Dibayar', '2026-06-14 10:27:42', NULL),
(1298, 48, 5, 2026, 9300000.00, 9000000.00, 300000.00, 'Belum Dibayar', '2026-06-14 10:27:42', NULL),
(1299, 49, 5, 2026, 3600000.00, 3500000.00, 100000.00, 'Belum Dibayar', '2026-06-14 10:27:42', NULL),
(1300, 50, 5, 2026, 3600000.00, 3500000.00, 100000.00, 'Belum Dibayar', '2026-06-14 10:27:42', NULL),
(1351, 1, 6, 2026, 15932080.93, 7302727.27, 8629353.66, 'Belum Dibayar', '2026-06-14 10:31:13', NULL),
(1352, 2, 6, 2026, 12500000.00, 7272727.27, 5227272.73, 'Belum Dibayar', '2026-06-14 10:31:13', NULL),
(1353, 3, 6, 2026, 3600000.00, 2744545.45, 855454.55, 'Belum Dibayar', '2026-06-14 10:31:13', NULL),
(1354, 4, 6, 2026, 9300000.00, 5727272.73, 3572727.27, 'Belum Dibayar', '2026-06-14 10:31:13', NULL),
(1355, 5, 6, 2026, 9300000.00, 6675454.55, 2624545.45, 'Belum Dibayar', '2026-06-14 10:31:13', NULL),
(1356, 6, 6, 2026, 3600000.00, 2814545.45, 785454.55, 'Belum Dibayar', '2026-06-14 10:31:13', NULL),
(1357, 7, 6, 2026, 8500000.00, 4932727.27, 3567272.73, 'Belum Dibayar', '2026-06-14 10:31:13', NULL),
(1358, 8, 6, 2026, 9300000.00, 5777272.73, 3522727.27, 'Belum Dibayar', '2026-06-14 10:31:13', NULL),
(1359, 9, 6, 2026, 9300000.00, 6605454.55, 2694545.45, 'Belum Dibayar', '2026-06-14 10:31:13', NULL),
(1360, 10, 6, 2026, 3600000.00, 2625454.55, 974545.45, 'Belum Dibayar', '2026-06-14 10:31:13', NULL),
(1361, 11, 6, 2026, 9300000.00, 6196363.64, 3103636.36, 'Belum Dibayar', '2026-06-14 10:31:13', NULL),
(1362, 12, 6, 2026, 4200000.00, 2767272.73, 1432727.27, 'Belum Dibayar', '2026-06-14 10:31:13', NULL),
(1363, 13, 6, 2026, 9300000.00, 5727272.73, 3572727.27, 'Belum Dibayar', '2026-06-14 10:31:13', NULL),
(1364, 14, 6, 2026, 9300000.00, 6206363.64, 3093636.36, 'Belum Dibayar', '2026-06-14 10:31:13', NULL),
(1365, 15, 6, 2026, 3600000.00, 2735454.55, 864545.45, 'Belum Dibayar', '2026-06-14 10:31:13', NULL),
(1366, 16, 6, 2026, 4200000.00, 2695454.55, 1504545.45, 'Belum Dibayar', '2026-06-14 10:31:13', NULL),
(1367, 17, 6, 2026, 3600000.00, 2516363.64, 1083636.36, 'Belum Dibayar', '2026-06-14 10:31:13', NULL),
(1368, 18, 6, 2026, 4200000.00, 2909090.91, 1290909.09, 'Belum Dibayar', '2026-06-14 10:31:13', NULL),
(1369, 19, 6, 2026, 8500000.00, 4772727.27, 3727272.73, 'Belum Dibayar', '2026-06-14 10:31:13', NULL),
(1370, 20, 6, 2026, 4200000.00, 2757272.73, 1442727.27, 'Belum Dibayar', '2026-06-14 10:31:13', NULL),
(1371, 21, 6, 2026, 9300000.00, 6705454.55, 2594545.45, 'Belum Dibayar', '2026-06-14 10:31:13', NULL),
(1372, 22, 6, 2026, 3600000.00, 2635454.55, 964545.45, 'Belum Dibayar', '2026-06-14 10:31:13', NULL),
(1373, 23, 6, 2026, 3600000.00, 2774545.45, 825454.55, 'Belum Dibayar', '2026-06-14 10:31:13', NULL),
(1374, 24, 6, 2026, 3600000.00, 2426363.64, 1173636.36, 'Belum Dibayar', '2026-06-14 10:31:13', NULL),
(1375, 25, 6, 2026, 3600000.00, 2476363.64, 1123636.36, 'Belum Dibayar', '2026-06-14 10:31:13', NULL),
(1376, 26, 6, 2026, 9488150.29, 6186363.64, 3301786.65, 'Belum Dibayar', '2026-06-14 10:31:13', NULL),
(1377, 27, 6, 2026, 8500000.00, 5163636.36, 3336363.64, 'Belum Dibayar', '2026-06-14 10:31:13', NULL),
(1378, 28, 6, 2026, 4200000.00, 2909090.91, 1290909.09, 'Belum Dibayar', '2026-06-14 10:31:13', NULL),
(1379, 29, 6, 2026, 8500000.00, 5113636.36, 3386363.64, 'Belum Dibayar', '2026-06-14 10:31:13', NULL),
(1380, 30, 6, 2026, 9300000.00, 7443636.36, 1856363.64, 'Belum Dibayar', '2026-06-14 10:31:13', NULL),
(1381, 31, 6, 2026, 9300000.00, 6545454.55, 2754545.45, 'Belum Dibayar', '2026-06-14 10:31:13', NULL),
(1382, 32, 6, 2026, 4200000.00, 3140909.09, 1059090.91, 'Belum Dibayar', '2026-06-14 10:31:14', NULL),
(1383, 33, 6, 2026, 9300000.00, 6146363.64, 3153636.36, 'Belum Dibayar', '2026-06-14 10:31:14', NULL),
(1384, 34, 6, 2026, 3600000.00, 2595454.55, 1004545.45, 'Belum Dibayar', '2026-06-14 10:31:14', NULL),
(1385, 35, 6, 2026, 9300000.00, 6954545.45, 2345454.55, 'Belum Dibayar', '2026-06-14 10:31:14', NULL),
(1386, 36, 6, 2026, 3600000.00, 2307272.73, 1292727.27, 'Belum Dibayar', '2026-06-14 10:31:14', NULL),
(1387, 37, 6, 2026, 8500000.00, 5123636.36, 3376363.64, 'Belum Dibayar', '2026-06-14 10:31:14', NULL),
(1388, 38, 6, 2026, 4200000.00, 2887272.73, 1312727.27, 'Belum Dibayar', '2026-06-14 10:31:14', NULL),
(1389, 39, 6, 2026, 8500000.00, 5133636.36, 3366363.64, 'Belum Dibayar', '2026-06-14 10:31:14', NULL),
(1390, 40, 6, 2026, 9300000.00, 6256363.64, 3043636.36, 'Belum Dibayar', '2026-06-14 10:31:14', NULL),
(1391, 41, 6, 2026, 3600000.00, 2625454.55, 974545.45, 'Belum Dibayar', '2026-06-14 10:31:14', NULL),
(1392, 42, 6, 2026, 3600000.00, 2247272.73, 1352727.27, 'Belum Dibayar', '2026-06-14 10:31:14', NULL),
(1393, 43, 6, 2026, 3600000.00, 2367272.73, 1232727.27, 'Belum Dibayar', '2026-06-14 10:31:14', NULL),
(1394, 44, 6, 2026, 3600000.00, 2506363.64, 1093636.36, 'Belum Dibayar', '2026-06-14 10:31:14', NULL),
(1395, 45, 6, 2026, 8500000.00, 5795454.55, 2704545.45, 'Belum Dibayar', '2026-06-14 10:31:14', NULL),
(1396, 46, 6, 2026, 3600000.00, 2486363.64, 1113636.36, 'Belum Dibayar', '2026-06-14 10:31:14', NULL),
(1397, 47, 6, 2026, 4200000.00, 2757272.73, 1442727.27, 'Belum Dibayar', '2026-06-14 10:31:14', NULL),
(1398, 48, 6, 2026, 9300000.00, 6226363.64, 3073636.36, 'Belum Dibayar', '2026-06-14 10:31:14', NULL),
(1399, 49, 6, 2026, 3600000.00, 2317272.73, 1282727.27, 'Belum Dibayar', '2026-06-14 10:31:14', NULL),
(1400, 50, 6, 2026, 3600000.00, 2774545.45, 825454.55, 'Belum Dibayar', '2026-06-14 10:31:14', NULL);

-- --------------------------------------------------------

--
-- Stand-in structure for view `v_detailprofilkaryawan`
-- (See below for the actual view)
--
CREATE TABLE `v_detailprofilkaryawan` (
`ID_Karyawan` int
,`NIK` varchar(20)
,`Nama_Karyawan` varchar(100)
,`Jabatan` varchar(50)
,`Gaji_Pokok` decimal(18,2)
,`Tunjangan` decimal(18,2)
,`Tanggal_Masuk` date
,`Status_Aktif` tinyint(1)
,`Total_Masuk_Bulan_Ini` bigint
,`Total_Alpa_Bulan_Ini` bigint
,`Total_Jam_Lembur` bigint
,`Total_Menit_Terlambat` bigint
,`Frekuensi_Kelipatan_Terlambat` bigint
,`Tarif_Denda_Terlambat` decimal(18,2)
,`Tarif_Denda_Alpa` decimal(18,2)
,`Total_Potongan_Denda` decimal(18,2)
,`Gaji_Terakhir_Diterima` decimal(18,2)
);

-- --------------------------------------------------------

--
-- Stand-in structure for view `v_laporanpenggajian`
-- (See below for the actual view)
--
CREATE TABLE `v_laporanpenggajian` (
`ID_Slip` int
,`NIK` varchar(20)
,`Nama_Karyawan` varchar(100)
,`Jabatan` varchar(50)
,`Bulan` int
,`Tahun` int
,`Komponen_Gaji` varchar(50)
,`Kategori` varchar(20)
,`Nominal` decimal(18,2)
,`Total_Gaji_Bersih` decimal(18,2)
,`Status_Bayar` varchar(20)
);

--
-- Indexes for dumped tables
--

--
-- Indexes for table `log_absensi_harian`
--
ALTER TABLE `log_absensi_harian`
  ADD PRIMARY KEY (`id_absensi`),
  ADD KEY `FK_AbsensiHarian_Karyawan` (`id_karyawan`);

--
-- Indexes for table `log_perubahan_gaji`
--
ALTER TABLE `log_perubahan_gaji`
  ADD PRIMARY KEY (`id_log`);

--
-- Indexes for table `master_jabatan`
--
ALTER TABLE `master_jabatan`
  ADD PRIMARY KEY (`id_jabatan`),
  ADD UNIQUE KEY `UQ_nama_jabatan` (`nama_jabatan`);

--
-- Indexes for table `master_karyawan`
--
ALTER TABLE `master_karyawan`
  ADD PRIMARY KEY (`id_karyawan`),
  ADD UNIQUE KEY `UQ_nik` (`nik`),
  ADD KEY `FK_Karyawan_Jabatan` (`id_jabatan`);

--
-- Indexes for table `master_konfigurasi`
--
ALTER TABLE `master_konfigurasi`
  ADD PRIMARY KEY (`id_config`),
  ADD UNIQUE KEY `UQ_nama_parameter` (`nama_parameter`);

--
-- Indexes for table `master_user`
--
ALTER TABLE `master_user`
  ADD PRIMARY KEY (`id_user`),
  ADD UNIQUE KEY `UQ_username` (`username`),
  ADD KEY `FK_User_Karyawan` (`id_karyawan`);

--
-- Indexes for table `pengajuan_lembur`
--
ALTER TABLE `pengajuan_lembur`
  ADD PRIMARY KEY (`id_lembur`),
  ADD KEY `FK_Lembur_Karyawan` (`id_karyawan`);

--
-- Indexes for table `rekap_absensi`
--
ALTER TABLE `rekap_absensi`
  ADD PRIMARY KEY (`id_rekap`),
  ADD UNIQUE KEY `UQ_Karyawan_Periode` (`id_karyawan`,`bulan`,`tahun`);

--
-- Indexes for table `slip_gaji_d`
--
ALTER TABLE `slip_gaji_d`
  ADD PRIMARY KEY (`id_slip_d`),
  ADD KEY `FK_SlipD_SlipH` (`id_slip_h`);

--
-- Indexes for table `slip_gaji_h`
--
ALTER TABLE `slip_gaji_h`
  ADD PRIMARY KEY (`id_slip_h`),
  ADD UNIQUE KEY `UQ_SlipH_Periode` (`id_karyawan`,`bulan`,`tahun`);

--
-- AUTO_INCREMENT for dumped tables
--

--
-- AUTO_INCREMENT for table `log_absensi_harian`
--
ALTER TABLE `log_absensi_harian`
  MODIFY `id_absensi` int NOT NULL AUTO_INCREMENT, AUTO_INCREMENT=335;

--
-- AUTO_INCREMENT for table `log_perubahan_gaji`
--
ALTER TABLE `log_perubahan_gaji`
  MODIFY `id_log` int NOT NULL AUTO_INCREMENT, AUTO_INCREMENT=2;

--
-- AUTO_INCREMENT for table `master_jabatan`
--
ALTER TABLE `master_jabatan`
  MODIFY `id_jabatan` int NOT NULL AUTO_INCREMENT, AUTO_INCREMENT=6;

--
-- AUTO_INCREMENT for table `master_karyawan`
--
ALTER TABLE `master_karyawan`
  MODIFY `id_karyawan` int NOT NULL AUTO_INCREMENT, AUTO_INCREMENT=51;

--
-- AUTO_INCREMENT for table `master_konfigurasi`
--
ALTER TABLE `master_konfigurasi`
  MODIFY `id_config` int NOT NULL AUTO_INCREMENT, AUTO_INCREMENT=4;

--
-- AUTO_INCREMENT for table `master_user`
--
ALTER TABLE `master_user`
  MODIFY `id_user` int NOT NULL AUTO_INCREMENT, AUTO_INCREMENT=52;

--
-- AUTO_INCREMENT for table `pengajuan_lembur`
--
ALTER TABLE `pengajuan_lembur`
  MODIFY `id_lembur` int NOT NULL AUTO_INCREMENT, AUTO_INCREMENT=30;

--
-- AUTO_INCREMENT for table `rekap_absensi`
--
ALTER TABLE `rekap_absensi`
  MODIFY `id_rekap` int NOT NULL AUTO_INCREMENT, AUTO_INCREMENT=341;

--
-- AUTO_INCREMENT for table `slip_gaji_d`
--
ALTER TABLE `slip_gaji_d`
  MODIFY `id_slip_d` int NOT NULL AUTO_INCREMENT, AUTO_INCREMENT=4814;

--
-- AUTO_INCREMENT for table `slip_gaji_h`
--
ALTER TABLE `slip_gaji_h`
  MODIFY `id_slip_h` int NOT NULL AUTO_INCREMENT, AUTO_INCREMENT=1401;

-- --------------------------------------------------------

--
-- Structure for view `v_detailprofilkaryawan`
--
DROP TABLE IF EXISTS `v_detailprofilkaryawan`;

CREATE ALGORITHM=UNDEFINED DEFINER=`root`@`localhost` SQL SECURITY DEFINER VIEW `v_detailprofilkaryawan`  AS SELECT `k`.`id_karyawan` AS `ID_Karyawan`, `k`.`nik` AS `NIK`, `k`.`nama_karyawan` AS `Nama_Karyawan`, `j`.`nama_jabatan` AS `Jabatan`, `j`.`gaji_pokok` AS `Gaji_Pokok`, `j`.`tunjangan_jabatan` AS `Tunjangan`, `k`.`tanggal_masuk` AS `Tanggal_Masuk`, `k`.`status_aktif` AS `Status_Aktif`, coalesce((select `r`.`jumlah_hadir` from `rekap_absensi` `r` where ((`r`.`id_karyawan` = `k`.`id_karyawan`) and (`r`.`bulan` = month(curdate())) and (`r`.`tahun` = year(curdate())))),0) AS `Total_Masuk_Bulan_Ini`, coalesce((select `r`.`jumlah_alpa` from `rekap_absensi` `r` where ((`r`.`id_karyawan` = `k`.`id_karyawan`) and (`r`.`bulan` = month(curdate())) and (`r`.`tahun` = year(curdate())))),0) AS `Total_Alpa_Bulan_Ini`, coalesce((select `r`.`total_jam_lembur` from `rekap_absensi` `r` where ((`r`.`id_karyawan` = `k`.`id_karyawan`) and (`r`.`bulan` = month(curdate())) and (`r`.`tahun` = year(curdate())))),0) AS `Total_Jam_Lembur`, coalesce((select `r`.`total_menit_terlambat` from `rekap_absensi` `r` where ((`r`.`id_karyawan` = `k`.`id_karyawan`) and (`r`.`bulan` = month(curdate())) and (`r`.`tahun` = year(curdate())))),0) AS `Total_Menit_Terlambat`, floor((coalesce((select `r`.`total_menit_terlambat` from `rekap_absensi` `r` where ((`r`.`id_karyawan` = `k`.`id_karyawan`) and (`r`.`bulan` = month(curdate())) and (`r`.`tahun` = year(curdate())))),0) / 10)) AS `Frekuensi_Kelipatan_Terlambat`, (select `master_konfigurasi`.`nilai_numeric` from `master_konfigurasi` where (`master_konfigurasi`.`nama_parameter` = 'DENDA_TERLATM_PER_10_MENIT')) AS `Tarif_Denda_Terlambat`, (select `master_konfigurasi`.`nilai_numeric` from `master_konfigurasi` where (`master_konfigurasi`.`nama_parameter` = 'DENDA_ALPA_PER_HARI')) AS `Tarif_Denda_Alpa`, coalesce((select `sgh`.`total_potongan` from `slip_gaji_h` `sgh` where (`sgh`.`id_karyawan` = `k`.`id_karyawan`) order by `sgh`.`tahun` desc,`sgh`.`bulan` desc limit 1),0) AS `Total_Potongan_Denda`, coalesce((select `sgh`.`gaji_bersih` from `slip_gaji_h` `sgh` where (`sgh`.`id_karyawan` = `k`.`id_karyawan`) order by `sgh`.`tahun` desc,`sgh`.`bulan` desc limit 1),0) AS `Gaji_Terakhir_Diterima` FROM (`master_karyawan` `k` join `master_jabatan` `j` on((`k`.`id_jabatan` = `j`.`id_jabatan`))) ;

-- --------------------------------------------------------

--
-- Structure for view `v_laporanpenggajian`
--
DROP TABLE IF EXISTS `v_laporanpenggajian`;

CREATE ALGORITHM=UNDEFINED DEFINER=`root`@`localhost` SQL SECURITY DEFINER VIEW `v_laporanpenggajian`  AS SELECT `h`.`id_slip_h` AS `ID_Slip`, `k`.`nik` AS `NIK`, `k`.`nama_karyawan` AS `Nama_Karyawan`, `j`.`nama_jabatan` AS `Jabatan`, `h`.`bulan` AS `Bulan`, `h`.`tahun` AS `Tahun`, `d`.`nama_komponen` AS `Komponen_Gaji`, `d`.`jenis_komponen` AS `Kategori`, `d`.`nominal` AS `Nominal`, `h`.`gaji_bersih` AS `Total_Gaji_Bersih`, `h`.`status_bayar` AS `Status_Bayar` FROM (((`slip_gaji_h` `h` join `master_karyawan` `k` on((`h`.`id_karyawan` = `k`.`id_karyawan`))) join `master_jabatan` `j` on((`k`.`id_jabatan` = `j`.`id_jabatan`))) join `slip_gaji_d` `d` on((`h`.`id_slip_h` = `d`.`id_slip_h`))) ;

--
-- Constraints for dumped tables
--

--
-- Constraints for table `log_absensi_harian`
--
ALTER TABLE `log_absensi_harian`
  ADD CONSTRAINT `FK_AbsensiHarian_Karyawan` FOREIGN KEY (`id_karyawan`) REFERENCES `master_karyawan` (`id_karyawan`);

--
-- Constraints for table `master_karyawan`
--
ALTER TABLE `master_karyawan`
  ADD CONSTRAINT `FK_Karyawan_Jabatan` FOREIGN KEY (`id_jabatan`) REFERENCES `master_jabatan` (`id_jabatan`);

--
-- Constraints for table `master_user`
--
ALTER TABLE `master_user`
  ADD CONSTRAINT `FK_User_Karyawan` FOREIGN KEY (`id_karyawan`) REFERENCES `master_karyawan` (`id_karyawan`) ON DELETE CASCADE;

--
-- Constraints for table `pengajuan_lembur`
--
ALTER TABLE `pengajuan_lembur`
  ADD CONSTRAINT `FK_Lembur_Karyawan` FOREIGN KEY (`id_karyawan`) REFERENCES `master_karyawan` (`id_karyawan`);

--
-- Constraints for table `rekap_absensi`
--
ALTER TABLE `rekap_absensi`
  ADD CONSTRAINT `FK_Absensi_Karyawan` FOREIGN KEY (`id_karyawan`) REFERENCES `master_karyawan` (`id_karyawan`);

--
-- Constraints for table `slip_gaji_d`
--
ALTER TABLE `slip_gaji_d`
  ADD CONSTRAINT `FK_SlipD_SlipH` FOREIGN KEY (`id_slip_h`) REFERENCES `slip_gaji_h` (`id_slip_h`) ON DELETE CASCADE;

--
-- Constraints for table `slip_gaji_h`
--
ALTER TABLE `slip_gaji_h`
  ADD CONSTRAINT `FK_SlipH_Karyawan` FOREIGN KEY (`id_karyawan`) REFERENCES `master_karyawan` (`id_karyawan`);
COMMIT;

/*!40101 SET CHARACTER_SET_CLIENT=@OLD_CHARACTER_SET_CLIENT */;
/*!40101 SET CHARACTER_SET_RESULTS=@OLD_CHARACTER_SET_RESULTS */;
/*!40101 SET COLLATION_CONNECTION=@OLD_COLLATION_CONNECTION */;
